gl,16,10000,rok,30,28.10158289,28.64625213,28.1059557,28.1059557,28.10187442,28.10158289,28.10158289,28.10158289,28.10158289,28.10158289,28.10158289,4294,141,288,,,,,,,,,
gl,16,10000,rok,30,28.10270929,28.73937126,28.7372472,28.73535353,28.73382942,28.73212165,28.72300117,28.1235313,28.10270929,28.10270929,28.10270929,7119,224,289,,,,,,,,,
gl,16,10000,rok,30,28.73506119,28.74332878,28.73788554,28.73506119,28.73506119,28.73506119,28.73506119,28.73506119,28.73506119,28.73506119,28.73506119,2263,94,288,,,,,,,,,
gl,16,10000,rok,30,28.10051313,28.1334744,28.10588757,28.10073006,28.10073006,28.10073006,28.10073006,28.10073006,28.10073006,28.10051313,28.10051313,8829,256,286,,,,,,,,,
gl,16,10000,rok,30,28.10107724,28.63240531,28.10385841,28.10385841,28.10109505,28.10107724,28.10107724,28.10107724,28.10107724,28.10107724,28.10107724,4587,142,283,,,,,,,,,
gl,16,10000,rok,30,28.75113716,28.76114217,28.75826697,28.75216604,28.75121252,28.75113716,28.75113716,28.75113716,28.75113716,28.75113716,28.75113716,4150,136,287,,,,,,,,,
gl,16,10000,rok,30,28.74190368,28.74947156,28.74733948,28.74382012,28.74348296,28.74348296,28.74190368,28.74190368,28.74190368,28.74190368,28.74190368,5838,173,287,,,,,,,,,
gl,16,10000,rok,30,28.7332102,28.74012389,28.73686197,28.73686197,28.73559553,28.73559553,28.73543234,28.73543234,28.7332102,28.7332102,28.7332102,7976,240,287,,,,,,,,,
gl,16,10000,rok,30,28.73848394,28.74771984,28.74069721,28.74069721,28.74069721,28.74069721,28.74069721,28.73848394,28.73848394,28.73848394,28.73848394,6868,215,286,,,,,,,,,
gl,16,10000,rok,30,28.10242868,28.11181982,28.10264537,28.10264537,28.10264537,28.10264537,28.10264537,28.10264537,28.10264537,28.10264537,28.10242868,9586,277,292,,,,,,,,,
gl,16,10000,rok,30,28.73317512,28.74447438,28.7414543,28.7414543,28.7372402,28.7372402,28.73557317,28.73368291,28.73368291,28.73368291,28.73317512,9930,280,288,,,,,,,,,
gl,16,10000,rok,30,28.10096444,28.11730693,28.1105841,28.10096444,28.10096444,28.10096444,28.10096444,28.10096444,28.10096444,28.10096444,28.10096444,2032,89,290,,,,,,,,,
gl,16,10000,rok,30,28.09922771,28.1012595,28.0992385,28.0992385,28.0992385,28.0992385,28.0992385,28.09922771,28.09922771,28.09922771,28.09922771,6488,201,288,,,,,,,,,
gl,16,10000,rok,30,28.09985505,28.12688099,28.09985505,28.09985505,28.09985505,28.09985505,28.09985505,28.09985505,28.09985505,28.09985505,28.09985505,1074,66,289,,,,,,,,,
gl,16,10000,rok,30,28.75188426,28.76007333,28.75747623,28.75272752,28.75235982,28.75235982,28.75212759,28.75212759,28.75212759,28.75188426,28.75188426,8998,264,291,,,,,,,,,
gl,16,10000,rok,30,28.74217942,28.74842159,28.74842159,28.74842159,28.74842159,28.74611982,28.74412142,28.74217942,28.74217942,28.74217942,28.74217942,6984,226,295,,,,,,,,,
gl,16,10000,rok,30,28.73320684,28.73912946,28.73912946,28.73829384,28.73829384,28.73392221,28.73392221,28.73320684,28.73320684,28.73320684,28.73320684,6013,182,288,,,,,,,,,
gl,16,10000,rok,30,28.09610009,28.10967705,28.10767895,28.09899568,28.09899568,28.09899568,28.09899568,28.09899568,28.09610009,28.09610009,28.09610009,7359,228,288,,,,,,,,,
gl,16,10000,rok,30,28.10129058,28.11977901,28.10563852,28.10563852,28.10563852,28.10532275,28.10532275,28.10129058,28.10129058,28.10129058,28.10129058,6916,219,289,,,,,,,,,
gl,16,10000,rok,30,28.10064414,28.75710669,28.75154078,28.11612679,28.10214386,28.10214386,28.10214386,28.10214386,28.10214386,28.10064414,28.10064414,8562,251,286,,,,,,,,,
gl,16,10000,ack,30,4.44E-16,4.44E-16,4.44E-16,4.44E-16,4.44E-16,4.44E-16,4.44E-16,4.44E-16,4.44E-16,4.44E-16,4.44E-16,480,45,398,,,,,,,,,
gl,16,10000,ack,30,4.44E-16,4.44E-16,4.44E-16,4.44E-16,4.44E-16,4.44E-16,4.44E-16,4.44E-16,4.44E-16,4.44E-16,4.44E-16,410,39,395,,,,,,,,,
gl,16,10000,ack,30,4.44E-16,4.44E-16,4.44E-16,4.44E-16,4.44E-16,4.44E-16,4.44E-16,4.44E-16,4.44E-16,4.44E-16,4.44E-16,445,42,402,,,,,,,,,
gl,16,10000,ack,30,4.44E-16,4.44E-16,4.44E-16,4.44E-16,4.44E-16,4.44E-16,4.44E-16,4.44E-16,4.44E-16,4.44E-16,4.44E-16,431,41,422,,,,,,,,,
gl,16,10000,ack,30,4.44E-16,4.44E-16,4.44E-16,4.44E-16,4.44E-16,4.44E-16,4.44E-16,4.44E-16,4.44E-16,4.44E-16,4.44E-16,467,43,398,,,,,,,,,
gl,16,10000,ack,30,4.44E-16,4.44E-16,4.44E-16,4.44E-16,4.44E-16,4.44E-16,4.44E-16,4.44E-16,4.44E-16,4.44E-16,4.44E-16,353,34,399,,,,,,,,,
gl,16,10000,ack,30,4.44E-16,4.44E-16,4.44E-16,4.44E-16,4.44E-16,4.44E-16,4.44E-16,4.44E-16,4.44E-16,4.44E-16,4.44E-16,490,46,404,,,,,,,,,
gl,16,10000,ack,30,4.44E-16,4.44E-16,4.44E-16,4.44E-16,4.44E-16,4.44E-16,4.44E-16,4.44E-16,4.44E-16,4.44E-16,4.44E-16,454,43,432,,,,,,,,,
gl,16,10000,ack,30,4.44E-16,4.44E-16,4.44E-16,4.44E-16,4.44E-16,4.44E-16,4.44E-16,4.44E-16,4.44E-16,4.44E-16,4.44E-16,453,44,401,,,,,,,,,
gl,16,10000,ack,30,4.44E-16,4.44E-16,4.44E-16,4.44E-16,4.44E-16,4.44E-16,4.44E-16,4.44E-16,4.44E-16,4.44E-16,4.44E-16,461,43,403,,,,,,,,,
gl,16,10000,ack,30,4.44E-16,4.44E-16,4.44E-16,4.44E-16,4.44E-16,4.44E-16,4.44E-16,4.44E-16,4.44E-16,4.44E-16,4.44E-16,449,42,401,,,,,,,,,
gl,16,10000,ack,30,4.44E-16,4.44E-16,4.44E-16,4.44E-16,4.44E-16,4.44E-16,4.44E-16,4.44E-16,4.44E-16,4.44E-16,4.44E-16,407,40,397,,,,,,,,,
gl,16,10000,ack,30,4.44E-16,4.44E-16,4.44E-16,4.44E-16,4.44E-16,4.44E-16,4.44E-16,4.44E-16,4.44E-16,4.44E-16,4.44E-16,441,41,397,,,,,,,,,
gl,16,10000,ack,30,4.44E-16,4.44E-16,4.44E-16,4.44E-16,4.44E-16,4.44E-16,4.44E-16,4.44E-16,4.44E-16,4.44E-16,4.44E-16,452,42,397,,,,,,,,,
gl,16,10000,ack,30,4.44E-16,4.44E-16,4.44E-16,4.44E-16,4.44E-16,4.44E-16,4.44E-16,4.44E-16,4.44E-16,4.44E-16,4.44E-16,432,44,434,,,,,,,,,
gl,16,10000,ack,30,4.44E-16,4.44E-16,4.44E-16,4.44E-16,4.44E-16,4.44E-16,4.44E-16,4.44E-16,4.44E-16,4.44E-16,4.44E-16,397,40,406,,,,,,,,,
gl,16,10000,ack,30,4.44E-16,4.44E-16,4.44E-16,4.44E-16,4.44E-16,4.44E-16,4.44E-16,4.44E-16,4.44E-16,4.44E-16,4.44E-16,437,47,438,,,,,,,,,
gl,16,10000,ack,30,4.44E-16,4.44E-16,4.44E-16,4.44E-16,4.44E-16,4.44E-16,4.44E-16,4.44E-16,4.44E-16,4.44E-16,4.44E-16,452,45,440,,,,,,,,,
gl,16,10000,ack,30,4.44E-16,4.44E-16,4.44E-16,4.44E-16,4.44E-16,4.44E-16,4.44E-16,4.44E-16,4.44E-16,4.44E-16,4.44E-16,429,46,434,,,,,,,,,
gl,16,10000,ack,30,4.44E-16,4.44E-16,4.44E-16,4.44E-16,4.44E-16,4.44E-16,4.44E-16,4.44E-16,4.44E-16,4.44E-16,4.44E-16,438,41,404,,,,,,,,,
gl,16,10000,ras,30,0,0,0,0,0,0,0,0,0,0,0,199,19,393,,,,,,,,,
gl,16,10000,ras,30,0,0,0,0,0,0,0,0,0,0,0,240,24,393,,,,,,,,,
gl,16,10000,ras,30,0,0,0,0,0,0,0,0,0,0,0,208,22,393,,,,,,,,,
gl,16,10000,ras,30,0,0,0,0,0,0,0,0,0,0,0,216,23,403,,,,,,,,,
gl,16,10000,ras,30,0,0,0,0,0,0,0,0,0,0,0,212,21,390,,,,,,,,,
gl,16,10000,ras,30,0,0,0,0,0,0,0,0,0,0,0,228,23,395,,,,,,,,,
gl,16,10000,ras,30,0,0,0,0,0,0,0,0,0,0,0,216,23,396,,,,,,,,,
gl,16,10000,ras,30,0,0,0,0,0,0,0,0,0,0,0,193,20,391,,,,,,,,,
gl,16,10000,ras,30,0,0,0,0,0,0,0,0,0,0,0,206,21,389,,,,,,,,,
gl,16,10000,ras,30,0,0,0,0,0,0,0,0,0,0,0,215,22,393,,,,,,,,,
gl,16,10000,ras,30,0,0,0,0,0,0,0,0,0,0,0,214,22,426,,,,,,,,,
gl,16,10000,ras,30,0,0,0,0,0,0,0,0,0,0,0,192,22,403,,,,,,,,,
gl,16,10000,ras,30,0,0,0,0,0,0,0,0,0,0,0,189,19,420,,,,,,,,,
gl,16,10000,ras,30,0,0,0,0,0,0,0,0,0,0,0,174,18,397,,,,,,,,,
gl,16,10000,ras,30,0,0,0,0,0,0,0,0,0,0,0,230,24,413,,,,,,,,,
gl,16,10000,ras,30,0,0,0,0,0,0,0,0,0,0,0,233,22,430,,,,,,,,,
gl,16,10000,ras,30,0,0,0,0,0,0,0,0,0,0,0,177,19,410,,,,,,,,,
gl,16,10000,ras,30,0,0,0,0,0,0,0,0,0,0,0,185,20,430,,,,,,,,,
gl,16,10000,ras,30,0,0,0,0,0,0,0,0,0,0,0,240,26,401,,,,,,,,,
gl,16,10000,ras,30,0,0,0,0,0,0,0,0,0,0,0,239,24,410,,,,,,,,,
gl,30,10000,rok,30,28.1002073,28.1037255,28.1037255,28.1037255,28.10306214,28.10298125,28.10078722,28.10078722,28.1002073,28.1002073,28.1002073,7078,385,521,,,,,,,,,
gl,30,10000,rok,30,28.10065289,28.12241175,28.10065289,28.10065289,28.10065289,28.10065289,28.10065289,28.10065289,28.10065289,28.10065289,28.10065289,1971,131,520,,,,,,,,,
gl,30,10000,rok,30,28.09454896,28.10562648,28.1003136,28.09454896,28.09454896,28.09454896,28.09454896,28.09454896,28.09454896,28.09454896,28.09454896,2749,156,512,,,,,,,,,
gl,30,10000,rok,30,28.10108174,28.1420454,28.10460377,28.10305703,28.1014113,28.1014113,28.1014113,28.10108174,28.10108174,28.10108174,28.10108174,6249,320,521,,,,,,,,,
gl,30,10000,rok,30,28.75123123,28.76020291,28.75647478,28.75370354,28.75123123,28.75123123,28.75123123,28.75123123,28.75123123,28.75123123,28.75123123,3344,196,523,,,,,,,,,
gl,30,10000,rok,30,28.10024109,28.11880673,28.1055934,28.1020391,28.10024109,28.10024109,28.10024109,28.10024109,28.10024109,28.10024109,28.10024109,3969,230,522,,,,,,,,,
gl,30,10000,rok,30,28.73262618,28.75112621,28.74782638,28.74782638,28.74475166,28.74242761,28.74029125,28.73702451,28.73673992,28.73480441,28.73262618,9244,489,525,,,,,,,,,
gl,30,10000,rok,30,28.10102388,28.10251576,28.10201056,28.10201056,28.10201056,28.10173802,28.10173802,28.10173802,28.10173802,28.10102388,28.10102388,8249,445,519,,,,,,,,,
gl,30,10000,rok,30,28.1005196,28.11598524,28.10424755,28.10424755,28.10424755,28.10424755,28.10424755,28.1019971,28.1005196,28.1005196,28.1005196,7440,415,521,,,,,,,,,
gl,30,10000,rok,30,28.75134964,28.75341419,28.75149617,28.75149186,28.75149186,28.75149186,28.75134964,28.75134964,28.75134964,28.75134964,28.75134964,5522,289,514,,,,,,,,,
gl,30,10000,rok,30,28.1003476,28.12219179,28.10426675,28.1003476,28.1003476,28.1003476,28.1003476,28.1003476,28.1003476,28.1003476,28.1003476,2206,135,511,,,,,,,,,
gl,30,10000,rok,30,28.10049557,28.10405162,28.10405162,28.10405162,28.10405162,28.10405162,28.10049557,28.10049557,28.10049557,28.10049557,28.10049557,5559,288,514,,,,,,,,,
gl,30,10000,rok,30,28.74147271,28.7478914,28.74261653,28.74231648,28.74231648,28.74147271,28.74147271,28.74147271,28.74147271,28.74147271,28.74147271,4449,255,530,,,,,,,,,
gl,30,10000,rok,30,28.73495831,28.74076096,28.74076096,28.74076096,28.74064825,28.74064825,28.74064825,28.74064825,28.74064825,28.73498711,28.73495831,9677,501,521,,,,,,,,,
gl,30,10000,rok,30,28.10042453,28.10042453,28.10042453,28.10042453,28.10042453,28.10042453,28.10042453,28.10042453,28.10042453,28.10042453,28.10042453,828,82,547,,,,,,,,,
gl,30,10000,rok,30,28.10083877,28.11975125,28.11090553,28.10921707,28.10921707,28.10802791,28.10802791,28.1049801,28.1049801,28.10229259,28.10083877,9792,511,526,,,,,,,,,
gl,30,10000,rok,30,28.09714925,28.74285207,28.73753938,28.72942815,28.24815214,28.10348436,28.10110019,28.09714925,28.09714925,28.09714925,28.09714925,6541,348,523,,,,,,,,,
gl,30,10000,rok,30,28.10126107,28.22843312,28.12795481,28.10566109,28.10499742,28.10145202,28.10126107,28.10126107,28.10126107,28.10126107,28.10126107,5291,282,520,,,,,,,,,
gl,30,10000,rok,30,28.10072624,28.15103768,28.10451586,28.10406444,28.10406444,28.10406444,28.10388637,28.10265265,28.10265265,28.10072624,28.10072624,8538,466,530,,,,,,,,,
gl,30,10000,rok,30,28.10096875,28.14671136,28.1049202,28.10139681,28.10139681,28.10096875,28.10096875,28.10096875,28.10096875,28.10096875,28.10096875,4474,248,521,,,,,,,,,
gl,30,10000,ack,30,4.44E-16,4.44E-16,4.44E-16,4.44E-16,4.44E-16,4.44E-16,4.44E-16,4.44E-16,4.44E-16,4.44E-16,4.44E-16,409,74,808,,,,,,,,,
gl,30,10000,ack,30,4.44E-16,4.44E-16,4.44E-16,4.44E-16,4.44E-16,4.44E-16,4.44E-16,4.44E-16,4.44E-16,4.44E-16,4.44E-16,418,65,715,,,,,,,,,
gl,30,10000,ack,30,4.44E-16,4.44E-16,4.44E-16,4.44E-16,4.44E-16,4.44E-16,4.44E-16,4.44E-16,4.44E-16,4.44E-16,4.44E-16,448,67,737,,,,,,,,,
gl,30,10000,ack,30,4.44E-16,4.44E-16,4.44E-16,4.44E-16,4.44E-16,4.44E-16,4.44E-16,4.44E-16,4.44E-16,4.44E-16,4.44E-16,478,72,743,,,,,,,,,
gl,30,10000,ack,30,4.44E-16,4.44E-16,4.44E-16,4.44E-16,4.44E-16,4.44E-16,4.44E-16,4.44E-16,4.44E-16,4.44E-16,4.44E-16,418,68,742,,,,,,,,,
gl,30,10000,ack,30,4.44E-16,4.44E-16,4.44E-16,4.44E-16,4.44E-16,4.44E-16,4.44E-16,4.44E-16,4.44E-16,4.44E-16,4.44E-16,435,65,725,,,,,,,,,
gl,30,10000,ack,30,4.44E-16,4.44E-16,4.44E-16,4.44E-16,4.44E-16,4.44E-16,4.44E-16,4.44E-16,4.44E-16,4.44E-16,4.44E-16,420,64,725,,,,,,,,,
gl,30,10000,ack,30,4.44E-16,4.44E-16,4.44E-16,4.44E-16,4.44E-16,4.44E-16,4.44E-16,4.44E-16,4.44E-16,4.44E-16,4.44E-16,426,66,711,,,,,,,,,
gl,30,10000,ack,30,4.44E-16,4.44E-16,4.44E-16,4.44E-16,4.44E-16,4.44E-16,4.44E-16,4.44E-16,4.44E-16,4.44E-16,4.44E-16,403,63,724,,,,,,,,,
gl,30,10000,ack,30,4.44E-16,4.44E-16,4.44E-16,4.44E-16,4.44E-16,4.44E-16,4.44E-16,4.44E-16,4.44E-16,4.44E-16,4.44E-16,447,67,702,,,,,,,,,
gl,30,10000,ack,30,4.44E-16,4.44E-16,4.44E-16,4.44E-16,4.44E-16,4.44E-16,4.44E-16,4.44E-16,4.44E-16,4.44E-16,4.44E-16,420,64,727,,,,,,,,,
gl,30,10000,ack,30,4.44E-16,4.44E-16,4.44E-16,4.44E-16,4.44E-16,4.44E-16,4.44E-16,4.44E-16,4.44E-16,4.44E-16,4.44E-16,367,59,725,,,,,,,,,
gl,30,10000,ack,30,4.44E-16,4.44E-16,4.44E-16,4.44E-16,4.44E-16,4.44E-16,4.44E-16,4.44E-16,4.44E-16,4.44E-16,4.44E-16,418,64,725,,,,,,,,,
gl,30,10000,ack,30,4.44E-16,4.44E-16,4.44E-16,4.44E-16,4.44E-16,4.44E-16,4.44E-16,4.44E-16,4.44E-16,4.44E-16,4.44E-16,431,66,736,,,,,,,,,
gl,30,10000,ack,30,4.44E-16,4.44E-16,4.44E-16,4.44E-16,4.44E-16,4.44E-16,4.44E-16,4.44E-16,4.44E-16,4.44E-16,4.44E-16,420,63,700,,,,,,,,,
gl,30,10000,ack,30,4.44E-16,4.44E-16,4.44E-16,4.44E-16,4.44E-16,4.44E-16,4.44E-16,4.44E-16,4.44E-16,4.44E-16,4.44E-16,419,63,722,,,,,,,,,
gl,30,10000,ack,30,4.44E-16,4.44E-16,4.44E-16,4.44E-16,4.44E-16,4.44E-16,4.44E-16,4.44E-16,4.44E-16,4.44E-16,4.44E-16,350,56,726,,,,,,,,,
gl,30,10000,ack,30,4.44E-16,4.44E-16,4.44E-16,4.44E-16,4.44E-16,4.44E-16,4.44E-16,4.44E-16,4.44E-16,4.44E-16,4.44E-16,427,65,723,,,,,,,,,
gl,30,10000,ack,30,4.44E-16,4.44E-16,4.44E-16,4.44E-16,4.44E-16,4.44E-16,4.44E-16,4.44E-16,4.44E-16,4.44E-16,4.44E-16,432,65,723,,,,,,,,,
gl,30,10000,ack,30,4.44E-16,4.44E-16,4.44E-16,4.44E-16,4.44E-16,4.44E-16,4.44E-16,4.44E-16,4.44E-16,4.44E-16,4.44E-16,436,67,728,,,,,,,,,
gl,30,10000,ras,30,0,0,0,0,0,0,0,0,0,0,0,208,35,706,,,,,,,,,
gl,30,10000,ras,30,0,0,0,0,0,0,0,0,0,0,0,195,35,708,,,,,,,,,
gl,30,10000,ras,30,0,0,0,0,0,0,0,0,0,0,0,210,35,707,,,,,,,,,
gl,30,10000,ras,30,0,0,0,0,0,0,0,0,0,0,0,213,37,712,,,,,,,,,
gl,30,10000,ras,30,0,0,0,0,0,0,0,0,0,0,0,220,39,687,,,,,,,,,
gl,30,10000,ras,30,0,0,0,0,0,0,0,0,0,0,0,225,42,711,,,,,,,,,
gl,30,10000,ras,30,0,0,0,0,0,0,0,0,0,0,0,230,41,709,,,,,,,,,
gl,30,10000,ras,30,0,0,0,0,0,0,0,0,0,0,0,204,34,708,,,,,,,,,
gl,30,10000,ras,30,0,0,0,0,0,0,0,0,0,0,0,215,38,707,,,,,,,,,
gl,30,10000,ras,30,0,0,0,0,0,0,0,0,0,0,0,191,34,690,,,,,,,,,
gl,30,10000,ras,30,0,0,0,0,0,0,0,0,0,0,0,212,39,713,,,,,,,,,
gl,30,10000,ras,30,0,0,0,0,0,0,0,0,0,0,0,205,36,714,,,,,,,,,
gl,30,10000,ras,30,0,0,0,0,0,0,0,0,0,0,0,219,39,712,,,,,,,,,
gl,30,10000,ras,30,0,0,0,0,0,0,0,0,0,0,0,211,41,723,,,,,,,,,
gl,30,10000,ras,30,0,0,0,0,0,0,0,0,0,0,0,201,37,693,,,,,,,,,
gl,30,10000,ras,30,0,0,0,0,0,0,0,0,0,0,0,215,40,724,,,,,,,,,
gl,30,10000,ras,30,0,0,0,0,0,0,0,0,0,0,0,201,43,751,,,,,,,,,
gl,30,10000,ras,30,0,0,0,0,0,0,0,0,0,0,0,183,31,716,,,,,,,,,
gl,30,10000,ras,30,0,0,0,0,0,0,0,0,0,0,0,211,40,701,,,,,,,,,
gl,30,10000,ras,30,0,0,0,0,0,0,0,0,0,0,0,189,34,697,,,,,,,,,
gl,49,10000,rok,30,28.72613339,28.73864271,28.73738156,28.73419744,28.72613339,28.72613339,28.72613339,28.72613339,28.72613339,28.72613339,28.72613339,3952,338,762,,,,,,,,,
gl,49,10000,rok,30,28.72920503,28.74370764,28.74076554,28.74076554,28.73262206,28.73262206,28.73262206,28.72920503,28.72920503,28.72920503,28.72920503,6344,536,769,,,,,,,,,
gl,49,10000,rok,30,28.73451184,28.75140293,28.74852139,28.7464024,28.7464024,28.73847773,28.73847773,28.73847773,28.73451184,28.73451184,28.73451184,7556,608,870,,,,,,,,,
gl,49,10000,rok,30,28.10335237,28.75819945,28.7447909,28.7447909,28.74412344,28.69603379,28.14116744,28.10607507,28.10335237,28.10335237,28.10335237,7828,621,763,,,,,,,,,
gl,49,10000,rok,30,28.73263591,28.74297327,28.74237732,28.74206236,28.7369442,28.73263591,28.73263591,28.73263591,28.73263591,28.73263591,28.73263591,4353,388,760,,,,,,,,,
gl,49,10000,rok,30,28.75143775,28.75702247,28.75283435,28.75231453,28.75149328,28.75149328,28.75149328,28.75149328,28.75149328,28.75149328,28.75143775,9350,717,764,,,,,,,,,
gl,49,10000,rok,30,28.10024397,28.10341626,28.1016022,28.1016022,28.10024397,28.10024397,28.10024397,28.10024397,28.10024397,28.10024397,28.10024397,3320,295,781,,,,,,,,,
gl,49,10000,rok,30,28.10060573,28.10172077,28.10172077,28.10172077,28.10172077,28.10172077,28.10172077,28.10172077,28.10060573,28.10060573,28.10060573,7702,626,875,,,,,,,,,
gl,49,10000,rok,30,28.10170122,28.11896022,28.10333185,28.10170122,28.10170122,28.10170122,28.10170122,28.10170122,28.10170122,28.10170122,28.10170122,2651,248,767,,,,,,,,,
gl,49,10000,rok,30,28.74095657,28.74498517,28.74334281,28.74126126,28.74126126,28.74106966,28.74106966,28.74095657,28.74095657,28.74095657,28.74095657,6704,551,767,,,,,,,,,
gl,49,10000,rok,30,28.10061528,28.11042556,28.10061528,28.10061528,28.10061528,28.10061528,28.10061528,28.10061528,28.10061528,28.10061528,28.10061528,1561,152,865,,,,,,,,,
gl,49,10000,rok,30,28.72886787,28.73674626,28.73394435,28.73114056,28.73114056,28.73114056,28.72886787,28.72886787,28.72886787,28.72886787,28.72886787,5181,456,767,,,,,,,,,
gl,49,10000,rok,30,28.10051438,28.10556805,28.10184425,28.10184425,28.10156959,28.1007134,28.1007134,28.1007134,28.1007134,28.1007134,28.10051438,9447,720,760,,,,,,,,,
gl,49,10000,rok,30,28.73481579,28.74187383,28.74179676,28.7400761,28.7396581,28.73558819,28.73524939,28.73524939,28.73524939,28.73481579,28.73481579,8002,651,856,,,,,,,,,
gl,49,10000,rok,30,28.10053166,28.40350174,28.10069762,28.10069762,28.10069762,28.10069762,28.10069762,28.10053166,28.10053166,28.10053166,28.10053166,6212,514,755,,,,,,,,,
gl,49,10000,rok,30,28.10101411,28.1255095,28.10581489,28.10131064,28.10101411,28.10101411,28.10101411,28.10101411,28.10101411,28.10101411,28.10101411,3101,275,865,,,,,,,,,
gl,49,10000,rok,30,28.72245383,28.73447912,28.72557086,28.72557086,28.72557086,28.72557086,28.72557086,28.72557086,28.72557086,28.72557086,28.72245383,9652,739,768,,,,,,,,,
gl,49,10000,rok,30,28.10093023,28.11927548,28.10142194,28.10142194,28.10142194,28.10142194,28.10120925,28.10120925,28.10093023,28.10093023,28.10093023,7156,583,769,,,,,,,,,
gl,49,10000,rok,30,28.09770598,28.10467365,28.10467365,28.10400846,28.09960532,28.09960532,28.09960532,28.09960532,28.09960532,28.09960532,28.09770598,9873,751,765,,,,,,,,,
gl,49,10000,rok,30,28.10045667,28.10172068,28.10172068,28.10045667,28.10045667,28.10045667,28.10045667,28.10045667,28.10045667,28.10045667,28.10045667,2959,264,763,,,,,,,,,
gl,49,10000,ack,30,4.44E-16,4.44E-16,4.44E-16,4.44E-16,4.44E-16,4.44E-16,4.44E-16,4.44E-16,4.44E-16,4.44E-16,4.44E-16,411,93,1221,,,,,,,,,
gl,49,10000,ack,30,4.44E-16,4.44E-16,4.44E-16,4.44E-16,4.44E-16,4.44E-16,4.44E-16,4.44E-16,4.44E-16,4.44E-16,4.44E-16,406,93,1160,,,,,,,,,
gl,49,10000,ack,30,4.44E-16,4.44E-16,4.44E-16,4.44E-16,4.44E-16,4.44E-16,4.44E-16,4.44E-16,4.44E-16,4.44E-16,4.44E-16,431,94,1147,,,,,,,,,
gl,49,10000,ack,30,4.44E-16,4.44E-16,4.44E-16,4.44E-16,4.44E-16,4.44E-16,4.44E-16,4.44E-16,4.44E-16,4.44E-16,4.44E-16,386,88,1155,,,,,,,,,
gl,49,10000,ack,30,4.44E-16,4.44E-16,4.44E-16,4.44E-16,4.44E-16,4.44E-16,4.44E-16,4.44E-16,4.44E-16,4.44E-16,4.44E-16,439,97,1147,,,,,,,,,
gl,49,10000,ack,30,4.44E-16,4.44E-16,4.44E-16,4.44E-16,4.44E-16,4.44E-16,4.44E-16,4.44E-16,4.44E-16,4.44E-16,4.44E-16,444,97,1161,,,,,,,,,
gl,49,10000,ack,30,4.44E-16,4.44E-16,4.44E-16,4.44E-16,4.44E-16,4.44E-16,4.44E-16,4.44E-16,4.44E-16,4.44E-16,4.44E-16,420,93,1172,,,,,,,,,
gl,49,10000,ack,30,4.44E-16,4.44E-16,4.44E-16,4.44E-16,4.44E-16,4.44E-16,4.44E-16,4.44E-16,4.44E-16,4.44E-16,4.44E-16,378,104,1269,,,,,,,,,
gl,49,10000,ack,30,4.44E-16,4.44E-16,4.44E-16,4.44E-16,4.44E-16,4.44E-16,4.44E-16,4.44E-16,4.44E-16,4.44E-16,4.44E-16,398,91,1163,,,,,,,,,
gl,49,10000,ack,30,4.44E-16,4.44E-16,4.44E-16,4.44E-16,4.44E-16,4.44E-16,4.44E-16,4.44E-16,4.44E-16,4.44E-16,4.44E-16,440,97,1127,,,,,,,,,
gl,49,10000,ack,30,4.44E-16,4.44E-16,4.44E-16,4.44E-16,4.44E-16,4.44E-16,4.44E-16,4.44E-16,4.44E-16,4.44E-16,4.44E-16,446,98,1153,,,,,,,,,
gl,49,10000,ack,30,4.44E-16,4.44E-16,4.44E-16,4.44E-16,4.44E-16,4.44E-16,4.44E-16,4.44E-16,4.44E-16,4.44E-16,4.44E-16,430,96,1156,,,,,,,,,
gl,49,10000,ack,30,4.44E-16,4.44E-16,4.44E-16,4.44E-16,4.44E-16,4.44E-16,4.44E-16,4.44E-16,4.44E-16,4.44E-16,4.44E-16,379,88,1152,,,,,,,,,
gl,49,10000,ack,30,4.44E-16,4.44E-16,4.44E-16,4.44E-16,4.44E-16,4.44E-16,4.44E-16,4.44E-16,4.44E-16,4.44E-16,4.44E-16,445,98,1133,,,,,,,,,
gl,49,10000,ack,30,4.44E-16,4.44E-16,4.44E-16,4.44E-16,4.44E-16,4.44E-16,4.44E-16,4.44E-16,4.44E-16,4.44E-16,4.44E-16,394,91,1152,,,,,,,,,
gl,49,10000,ack,30,4.44E-16,4.44E-16,4.44E-16,4.44E-16,4.44E-16,4.44E-16,4.44E-16,4.44E-16,4.44E-16,4.44E-16,4.44E-16,439,94,1151,,,,,,,,,
gl,49,10000,ack,30,4.44E-16,4.44E-16,4.44E-16,4.44E-16,4.44E-16,4.44E-16,4.44E-16,4.44E-16,4.44E-16,4.44E-16,4.44E-16,409,92,1145,,,,,,,,,
gl,49,10000,ack,30,4.44E-16,4.44E-16,4.44E-16,4.44E-16,4.44E-16,4.44E-16,4.44E-16,4.44E-16,4.44E-16,4.44E-16,4.44E-16,384,90,1154,,,,,,,,,
gl,49,10000,ack,30,4.44E-16,4.44E-16,4.44E-16,4.44E-16,4.44E-16,4.44E-16,4.44E-16,4.44E-16,4.44E-16,4.44E-16,4.44E-16,405,91,1142,,,,,,,,,
gl,49,10000,ack,30,4.44E-16,4.44E-16,4.44E-16,4.44E-16,4.44E-16,4.44E-16,4.44E-16,4.44E-16,4.44E-16,4.44E-16,4.44E-16,369,87,1191,,,,,,,,,
gl,49,10000,ras,30,0,0,0,0,0,0,0,0,0,0,0,197,53,1120,,,,,,,,,
gl,49,10000,ras,30,0,0,0,0,0,0,0,0,0,0,0,192,52,1120,,,,,,,,,
gl,49,10000,ras,30,0,0,0,0,0,0,0,0,0,0,0,208,55,1119,,,,,,,,,
gl,49,10000,ras,30,0,0,0,0,0,0,0,0,0,0,0,199,53,1121,,,,,,,,,
gl,49,10000,ras,30,0,0,0,0,0,0,0,0,0,0,0,193,52,1121,,,,,,,,,
gl,49,10000,ras,30,0,0,0,0,0,0,0,0,0,0,0,218,57,1124,,,,,,,,,
gl,49,10000,ras,30,0,0,0,0,0,0,0,0,0,0,0,193,51,1118,,,,,,,,,
gl,49,10000,ras,30,0,0,0,0,0,0,0,0,0,0,0,179,50,1120,,,,,,,,,
gl,49,10000,ras,30,0,0,0,0,0,0,0,0,0,0,0,197,52,1119,,,,,,,,,
gl,49,10000,ras,30,0,0,0,0,0,0,0,0,0,0,0,208,56,1119,,,,,,,,,
gl,49,10000,ras,30,0,0,0,0,0,0,0,0,0,0,0,186,50,1167,,,,,,,,,
gl,49,10000,ras,30,0,0,0,0,0,0,0,0,0,0,0,206,55,1107,,,,,,,,,
gl,49,10000,ras,30,0,0,0,0,0,0,0,0,0,0,0,187,51,1139,,,,,,,,,
gl,49,10000,ras,30,0,0,0,0,0,0,0,0,0,0,0,188,51,1122,,,,,,,,,
gl,49,10000,ras,30,0,0,0,0,0,0,0,0,0,0,0,188,50,1120,,,,,,,,,
gl,49,10000,ras,30,0,0,0,0,0,0,0,0,0,0,0,221,58,1169,,,,,,,,,
gl,49,10000,ras,30,0,0,0,0,0,0,0,0,0,0,0,202,53,1123,,,,,,,,,
gl,49,10000,ras,30,0,0,0,0,0,0,0,0,0,0,0,207,54,1165,,,,,,,,,
gl,49,10000,ras,30,0,0,0,0,0,0,0,0,0,0,0,200,53,1120,,,,,,,,,
gl,49,10000,ras,30,0,0,0,0,0,0,0,0,0,0,0,212,55,1120,,,,,,,,,
ri,16,10000,rok,30,28.74186997,28.75332483,28.74367594,28.74278028,28.74260238,28.74186997,28.74186997,28.74186997,28.74186997,28.74186997,28.74186997,4028,134,291,,,,,,,,,
ri,16,10000,rok,30,28.10106647,28.72249145,28.71065056,28.10456167,28.10456167,28.10346564,28.10346564,28.10106647,28.10106647,28.10106647,28.10106647,6882,222,293,,,,,,,,,
ri,16,10000,rok,30,28.10079764,28.58830364,28.11444848,28.11214341,28.11214341,28.11214341,28.10721224,28.10091853,28.10091853,28.10091853,28.10079764,9904,286,295,,,,,,,,,
ri,16,10000,rok,30,28.10060639,28.11181809,28.10212705,28.10069363,28.10069363,28.10069363,28.10069363,28.10069363,28.10069363,28.10060639,28.10060639,8109,245,291,,,,,,,,,
ri,16,10000,rok,30,28.10119903,28.29379532,28.1169267,28.10119903,28.10119903,28.10119903,28.10119903,28.10119903,28.10119903,28.10119903,28.10119903,2532,101,289,,,,,,,,,
ri,16,10000,rok,30,28.10212244,28.16443159,28.10418352,28.10418352,28.10418352,28.10418352,28.10212244,28.10212244,28.10212244,28.10212244,28.10212244,5874,180,288,,,,,,,,,
ri,16,10000,rok,30,28.10114409,28.10536013,28.10536013,28.10414626,28.10414626,28.10357785,28.10357785,28.10357785,28.10114409,28.10114409,28.10114409,7428,230,290,,,,,,,,,
ri,16,10000,rok,30,28.72949589,28.74091637,28.74091637,28.73719129,28.73612125,28.73212979,28.73212979,28.73212979,28.72949589,28.72949589,28.72949589,7400,230,290,,,,,,,,,
ri,16,10000,rok,30,28.10132511,28.75195092,28.75070923,28.48762707,28.10735072,28.10132511,28.10132511,28.10132511,28.10132511,28.10132511,28.10132511,4890,153,289,,,,,,,,,
ri,16,10000,rok,30,28.10077072,28.11652944,28.10296699,28.10296699,28.10192222,28.10077072,28.10077072,28.10077072,28.10077072,28.10077072,28.10077072,4502,148,293,,,,,,,,,
ri,16,10000,rok,30,28.10200369,28.72936599,28.72936599,28.11373707,28.10696513,28.10532627,28.10532627,28.10532627,28.10532627,28.10285855,28.10200369,9839,280,290,,,,,,,,,
ri,16,10000,rok,30,28.10094858,28.12836795,28.1035287,28.1035287,28.1035287,28.1035287,28.10144246,28.10094858,28.10094858,28.10094858,28.10094858,6306,207,296,,,,,,,,,
ri,16,10000,rok,30,28.10244474,28.75413391,28.71619347,28.10538973,28.1035534,28.1035534,28.1035534,28.10244474,28.10244474,28.10244474,28.10244474,6001,188,290,,,,,,,,,
ri,16,10000,rok,30,28.7332505,28.74812359,28.74539138,28.73980703,28.73635323,28.73635323,28.73635323,28.73635323,28.73635323,28.73417368,28.7332505,9019,267,293,,,,,,,,,
ri,16,10000,rok,30,28.73055858,28.73990122,28.73688048,28.73688048,28.73527478,28.73055858,28.73055858,28.73055858,28.73055858,28.73055858,28.73055858,4484,146,290,,,,,,,,,
ri,16,10000,rok,30,28.76121991,28.76133693,28.76133693,28.76133693,28.76133693,28.76128195,28.76122859,28.76122859,28.76122859,28.76122859,28.76121991,9577,275,290,,,,,,,,,
ri,16,10000,rok,30,28.7345595,28.74042122,28.73703433,28.73703433,28.73462601,28.73459256,28.73459256,28.73459256,28.73459256,28.7345595,28.7345595,8639,252,288,,,,,,,,,
ri,16,10000,rok,30,28.74062731,28.74440429,28.74440429,28.74069307,28.74069307,28.74069307,28.74069307,28.74069307,28.74062731,28.74062731,28.74062731,7200,231,295,,,,,,,,,
ri,16,10000,rok,30,28.72003743,28.72563403,28.72437482,28.72437482,28.72437482,28.72437482,28.72437482,28.72437482,28.72437482,28.72003743,28.72003743,8687,253,289,,,,,,,,,
ri,16,10000,rok,30,28.73395235,28.74165073,28.74066243,28.73716734,28.73525514,28.73395235,28.73395235,28.73395235,28.73395235,28.73395235,28.73395235,4882,151,288,,,,,,,,,
ri,16,10000,ack,30,4.44E-16,4.44E-16,4.44E-16,4.44E-16,4.44E-16,4.44E-16,4.44E-16,4.44E-16,4.44E-16,4.44E-16,4.44E-16,460,45,424,,,,,,,,,
ri,16,10000,ack,30,4.44E-16,4.44E-16,4.44E-16,4.44E-16,4.44E-16,4.44E-16,4.44E-16,4.44E-16,4.44E-16,4.44E-16,4.44E-16,453,44,425,,,,,,,,,
ri,16,10000,ack,30,4.44E-16,4.44E-16,4.44E-16,4.44E-16,4.44E-16,4.44E-16,4.44E-16,4.44E-16,4.44E-16,4.44E-16,4.44E-16,420,43,427,,,,,,,,,
ri,16,10000,ack,30,4.44E-16,4.44E-16,4.44E-16,4.44E-16,4.44E-16,4.44E-16,4.44E-16,4.44E-16,4.44E-16,4.44E-16,4.44E-16,389,40,426,,,,,,,,,
ri,16,10000,ack,30,4.44E-16,4.44E-16,4.44E-16,4.44E-16,4.44E-16,4.44E-16,4.44E-16,4.44E-16,4.44E-16,4.44E-16,4.44E-16,438,43,426,,,,,,,,,
ri,16,10000,ack,30,4.44E-16,4.44E-16,4.44E-16,4.44E-16,4.44E-16,4.44E-16,4.44E-16,4.44E-16,4.44E-16,4.44E-16,4.44E-16,425,43,411,,,,,,,,,
ri,16,10000,ack,30,4.44E-16,4.44E-16,4.44E-16,4.44E-16,4.44E-16,4.44E-16,4.44E-16,4.44E-16,4.44E-16,4.44E-16,4.44E-16,409,41,426,,,,,,,,,
ri,16,10000,ack,30,4.44E-16,4.44E-16,4.44E-16,4.44E-16,4.44E-16,4.44E-16,4.44E-16,4.44E-16,4.44E-16,4.44E-16,4.44E-16,459,46,428,,,,,,,,,
ri,16,10000,ack,30,4.44E-16,4.44E-16,4.44E-16,4.44E-16,4.44E-16,4.44E-16,4.44E-16,4.44E-16,4.44E-16,4.44E-16,4.44E-16,416,41,410,,,,,,,,,
ri,16,10000,ack,30,4.44E-16,4.44E-16,4.44E-16,4.44E-16,4.44E-16,4.44E-16,4.44E-16,4.44E-16,4.44E-16,4.44E-16,4.44E-16,470,45,405,,,,,,,,,
ri,16,10000,ack,30,4.44E-16,4.44E-16,4.44E-16,4.44E-16,4.44E-16,4.44E-16,4.44E-16,4.44E-16,4.44E-16,4.44E-16,4.44E-16,449,44,430,,,,,,,,,
ri,16,10000,ack,30,4.44E-16,4.44E-16,4.44E-16,4.44E-16,4.44E-16,4.44E-16,4.44E-16,4.44E-16,4.44E-16,4.44E-16,4.44E-16,463,44,401,,,,,,,,,
ri,16,10000,ack,30,4.44E-16,4.44E-16,4.44E-16,4.44E-16,4.44E-16,4.44E-16,4.44E-16,4.44E-16,4.44E-16,4.44E-16,4.44E-16,440,43,431,,,,,,,,,
ri,16,10000,ack,30,4.44E-16,4.44E-16,4.44E-16,4.44E-16,4.44E-16,4.44E-16,4.44E-16,4.44E-16,4.44E-16,4.44E-16,4.44E-16,399,41,430,,,,,,,,,
ri,16,10000,ack,30,4.44E-16,4.44E-16,4.44E-16,4.44E-16,4.44E-16,4.44E-16,4.44E-16,4.44E-16,4.44E-16,4.44E-16,4.44E-16,417,43,427,,,,,,,,,
ri,16,10000,ack,30,4.44E-16,4.44E-16,4.44E-16,4.44E-16,4.44E-16,4.44E-16,4.44E-16,4.44E-16,4.44E-16,4.44E-16,4.44E-16,445,44,436,,,,,,,,,
ri,16,10000,ack,30,4.44E-16,4.44E-16,4.44E-16,4.44E-16,4.44E-16,4.44E-16,4.44E-16,4.44E-16,4.44E-16,4.44E-16,4.44E-16,436,44,433,,,,,,,,,
ri,16,10000,ack,30,4.44E-16,4.44E-16,4.44E-16,4.44E-16,4.44E-16,4.44E-16,4.44E-16,4.44E-16,4.44E-16,4.44E-16,4.44E-16,464,46,432,,,,,,,,,
ri,16,10000,ack,30,4.44E-16,4.44E-16,4.44E-16,4.44E-16,4.44E-16,4.44E-16,4.44E-16,4.44E-16,4.44E-16,4.44E-16,4.44E-16,449,45,434,,,,,,,,,
ri,16,10000,ack,30,4.44E-16,4.44E-16,4.44E-16,4.44E-16,4.44E-16,4.44E-16,4.44E-16,4.44E-16,4.44E-16,4.44E-16,4.44E-16,407,42,411,,,,,,,,,
ri,16,10000,ras,30,0,0,0,0,0,0,0,0,0,0,0,199,20,421,,,,,,,,,
ri,16,10000,ras,30,0,0,0,0,0,0,0,0,0,0,0,234,28,442,,,,,,,,,
ri,16,10000,ras,30,0,0,0,0,0,0,0,0,0,0,0,222,23,422,,,,,,,,,
ri,16,10000,ras,30,0,0,0,0,0,0,0,0,0,0,0,235,23,422,,,,,,,,,
ri,16,10000,ras,30,0,0,0,0,0,0,0,0,0,0,0,207,23,424,,,,,,,,,
ri,16,10000,ras,30,0,0,0,0,0,0,0,0,0,0,0,212,22,420,,,,,,,,,
ri,16,10000,ras,30,0,0,0,0,0,0,0,0,0,0,0,220,22,420,,,,,,,,,
ri,16,10000,ras,30,0,0,0,0,0,0,0,0,0,0,0,212,24,420,,,,,,,,,
ri,16,10000,ras,30,0,0,0,0,0,0,0,0,0,0,0,215,21,419,,,,,,,,,
ri,16,10000,ras,30,0,0,0,0,0,0,0,0,0,0,0,183,19,417,,,,,,,,,
ri,16,10000,ras,30,0,0,0,0,0,0,0,0,0,0,0,214,23,419,,,,,,,,,
ri,16,10000,ras,30,0,0,0,0,0,0,0,0,0,0,0,232,24,421,,,,,,,,,
ri,16,10000,ras,30,0,0,0,0,0,0,0,0,0,0,0,224,24,421,,,,,,,,,
ri,16,10000,ras,30,0,0,0,0,0,0,0,0,0,0,0,200,20,422,,,,,,,,,
ri,16,10000,ras,30,0,0,0,0,0,0,0,0,0,0,0,213,22,401,,,,,,,,,
ri,16,10000,ras,30,0,0,0,0,0,0,0,0,0,0,0,209,21,425,,,,,,,,,
ri,16,10000,ras,30,0,0,0,0,0,0,0,0,0,0,0,204,22,418,,,,,,,,,
ri,16,10000,ras,30,0,0,0,0,0,0,0,0,0,0,0,226,24,420,,,,,,,,,
ri,16,10000,ras,30,0,0,0,0,0,0,0,0,0,0,0,197,21,421,,,,,,,,,
ri,16,10000,ras,30,0,0,0,0,0,0,0,0,0,0,0,214,23,416,,,,,,,,,
ri,30,10000,rok,30,28.74221422,28.75230855,28.74988934,28.74936404,28.74936404,28.74899003,28.74343784,28.74343784,28.74258822,28.74243166,28.74221422,9786,502,516,,,,,,,,,
ri,30,10000,rok,30,28.10120853,28.7417567,28.13853186,28.10120853,28.10120853,28.10120853,28.10120853,28.10120853,28.10120853,28.10120853,28.10120853,2942,168,522,,,,,,,,,
ri,30,10000,rok,30,28.10048286,28.11376788,28.10477633,28.10357819,28.10357819,28.10048286,28.10048286,28.10048286,28.10048286,28.10048286,28.10048286,4664,256,518,,,,,,,,,
ri,30,10000,rok,30,28.1003374,28.12609481,28.1063174,28.1003374,28.1003374,28.1003374,28.1003374,28.1003374,28.1003374,28.1003374,28.1003374,2434,148,524,,,,,,,,,
ri,30,10000,rok,30,28.72522844,28.73917929,28.73148371,28.72522844,28.72522844,28.72522844,28.72522844,28.72522844,28.72522844,28.72522844,28.72522844,2744,159,524,,,,,,,,,
ri,30,10000,rok,30,28.74242644,28.75044727,28.74886576,28.74501017,28.74501017,28.74280721,28.74280721,28.74280721,28.74242644,28.74242644,28.74242644,7293,414,524,,,,,,,,,
ri,30,10000,rok,30,28.10069614,28.12568855,28.10249555,28.10249555,28.10167182,28.10167182,28.10069614,28.10069614,28.10069614,28.10069614,28.10069614,5534,290,517,,,,,,,,,
ri,30,10000,rok,30,28.73296477,28.74355598,28.74250467,28.73849932,28.73635357,28.73581359,28.73581359,28.73581359,28.73528594,28.73296477,28.73296477,8140,441,520,,,,,,,,,
ri,30,10000,rok,30,28.72758829,28.73906093,28.7330432,28.7330432,28.73196069,28.73196069,28.73196069,28.73162414,28.73162414,28.72758829,28.72758829,8916,468,516,,,,,,,,,
ri,30,10000,rok,30,28.09986079,28.43161137,28.12716722,28.1136881,28.09986079,28.09986079,28.09986079,28.09986079,28.09986079,28.09986079,28.09986079,3311,195,515,,,,,,,,,
ri,30,10000,rok,30,28.09740734,28.10262758,28.10262758,28.10262758,28.0981111,28.0981111,28.09740734,28.09740734,28.09740734,28.09740734,28.09740734,5362,280,513,,,,,,,,,
ri,30,10000,rok,30,28.74226543,28.75478631,28.75009619,28.74616035,28.74454975,28.74288325,28.74283735,28.74283735,28.74226543,28.74226543,28.74226543,7267,406,517,,,,,,,,,
ri,30,10000,rok,30,28.09175925,28.10834817,28.10169026,28.10169026,28.1016295,28.09175925,28.09175925,28.09175925,28.09175925,28.09175925,28.09175925,4865,263,515,,,,,,,,,
ri,30,10000,rok,30,28.10184265,28.45536833,28.10184265,28.10184265,28.10184265,28.10184265,28.10184265,28.10184265,28.10184265,28.10184265,28.10184265,1485,106,523,,,,,,,,,
ri,30,10000,rok,30,28.10041894,28.10208175,28.10165013,28.10165013,28.1006594,28.10053328,28.10053328,28.10041894,28.10041894,28.10041894,28.10041894,6963,394,516,,,,,,,,,
ri,30,10000,rok,30,28.1027132,28.73556063,28.13944481,28.11628935,28.11431172,28.10385595,28.10385595,28.10385595,28.10385595,28.1027132,28.1027132,8792,464,517,,,,,,,,,
ri,30,10000,rok,30,28.10030701,28.10965232,28.10739276,28.10261883,28.10148869,28.10148869,28.10148869,28.10148869,28.10148869,28.10030701,28.10030701,8235,446,520,,,,,,,,,
ri,30,10000,rok,30,28.10038339,28.11033881,28.10956306,28.10125784,28.10119113,28.10110267,28.10110267,28.10038339,28.10038339,28.10038339,28.10038339,6617,366,517,,,,,,,,,
ri,30,10000,rok,30,28.10109903,28.10939863,28.10219048,28.10219048,28.10219048,28.10219048,28.10219048,28.10109903,28.10109903,28.10109903,28.10109903,6954,393,516,,,,,,,,,
ri,30,10000,rok,30,28.74162108,28.74900577,28.74566123,28.74275523,28.74203654,28.74203654,28.74168985,28.74168985,28.74162108,28.74162108,28.74162108,7855,429,520,,,,,,,,,
ri,30,10000,ack,30,4.44E-16,4.44E-16,4.44E-16,4.44E-16,4.44E-16,4.44E-16,4.44E-16,4.44E-16,4.44E-16,4.44E-16,4.44E-16,447,73,728,,,,,,,,,
ri,30,10000,ack,30,4.44E-16,4.44E-16,4.44E-16,4.44E-16,4.44E-16,4.44E-16,4.44E-16,4.44E-16,4.44E-16,4.44E-16,4.44E-16,403,64,725,,,,,,,,,
ri,30,10000,ack,30,4.44E-16,4.44E-16,4.44E-16,4.44E-16,4.44E-16,4.44E-16,4.44E-16,4.44E-16,4.44E-16,4.44E-16,4.44E-16,433,72,761,,,,,,,,,
ri,30,10000,ack,30,4.44E-16,4.44E-16,4.44E-16,4.44E-16,4.44E-16,4.44E-16,4.44E-16,4.44E-16,4.44E-16,4.44E-16,4.44E-16,390,67,732,,,,,,,,,
ri,30,10000,ack,30,4.44E-16,4.44E-16,4.44E-16,4.44E-16,4.44E-16,4.44E-16,4.44E-16,4.44E-16,4.44E-16,4.44E-16,4.44E-16,439,68,730,,,,,,,,,
ri,30,10000,ack,30,4.44E-16,4.44E-16,4.44E-16,4.44E-16,4.44E-16,4.44E-16,4.44E-16,4.44E-16,4.44E-16,4.44E-16,4.44E-16,435,67,726,,,,,,,,,
ri,30,10000,ack,30,4.44E-16,4.44E-16,4.44E-16,4.44E-16,4.44E-16,4.44E-16,4.44E-16,4.44E-16,4.44E-16,4.44E-16,4.44E-16,421,67,711,,,,,,,,,
ri,30,10000,ack,30,4.44E-16,4.44E-16,4.44E-16,4.44E-16,4.44E-16,4.44E-16,4.44E-16,4.44E-16,4.44E-16,4.44E-16,4.44E-16,437,68,710,,,,,,,,,
ri,30,10000,ack,30,4.44E-16,4.44E-16,4.44E-16,4.44E-16,4.44E-16,4.44E-16,4.44E-16,4.44E-16,4.44E-16,4.44E-16,4.44E-16,388,62,716,,,,,,,,,
ri,30,10000,ack,30,4.44E-16,4.44E-16,4.44E-16,4.44E-16,4.44E-16,4.44E-16,4.44E-16,4.44E-16,4.44E-16,4.44E-16,4.44E-16,447,69,708,,,,,,,,,
ri,30,10000,ack,30,4.44E-16,4.44E-16,4.44E-16,4.44E-16,4.44E-16,4.44E-16,4.44E-16,4.44E-16,4.44E-16,4.44E-16,4.44E-16,386,62,710,,,,,,,,,
ri,30,10000,ack,30,4.44E-16,4.44E-16,4.44E-16,4.44E-16,4.44E-16,4.44E-16,4.44E-16,4.44E-16,4.44E-16,4.44E-16,4.44E-16,410,65,709,,,,,,,,,
ri,30,10000,ack,30,4.44E-16,4.44E-16,4.44E-16,4.44E-16,4.44E-16,4.44E-16,4.44E-16,4.44E-16,4.44E-16,4.44E-16,4.44E-16,330,54,706,,,,,,,,,
ri,30,10000,ack,30,4.44E-16,4.44E-16,4.44E-16,4.44E-16,4.44E-16,4.44E-16,4.44E-16,4.44E-16,4.44E-16,4.44E-16,4.44E-16,435,69,710,,,,,,,,,
ri,30,10000,ack,30,4.44E-16,4.44E-16,4.44E-16,4.44E-16,4.44E-16,4.44E-16,4.44E-16,4.44E-16,4.44E-16,4.44E-16,4.44E-16,428,67,712,,,,,,,,,
ri,30,10000,ack,30,4.44E-16,4.44E-16,4.44E-16,4.44E-16,4.44E-16,4.44E-16,4.44E-16,4.44E-16,4.44E-16,4.44E-16,4.44E-16,403,64,710,,,,,,,,,
ri,30,10000,ack,30,4.44E-16,4.44E-16,4.44E-16,4.44E-16,4.44E-16,4.44E-16,4.44E-16,4.44E-16,4.44E-16,4.44E-16,4.44E-16,424,67,715,,,,,,,,,
ri,30,10000,ack,30,4.44E-16,4.44E-16,4.44E-16,4.44E-16,4.44E-16,4.44E-16,4.44E-16,4.44E-16,4.44E-16,4.44E-16,4.44E-16,458,71,707,,,,,,,,,
ri,30,10000,ack,30,4.44E-16,4.44E-16,4.44E-16,4.44E-16,4.44E-16,4.44E-16,4.44E-16,4.44E-16,4.44E-16,4.44E-16,4.44E-16,428,68,730,,,,,,,,,
ri,30,10000,ack,30,4.44E-16,4.44E-16,4.44E-16,4.44E-16,4.44E-16,4.44E-16,4.44E-16,4.44E-16,4.44E-16,4.44E-16,4.44E-16,435,67,710,,,,,,,,,
ri,30,10000,ras,30,0,0,0,0,0,0,0,0,0,0,0,206,40,714,,,,,,,,,
ri,30,10000,ras,30,0,0,0,0,0,0,0,0,0,0,0,198,37,713,,,,,,,,,
ri,30,10000,ras,30,0,0,0,0,0,0,0,0,0,0,0,207,39,714,,,,,,,,,
ri,30,10000,ras,30,0,0,0,0,0,0,0,0,0,0,0,201,37,714,,,,,,,,,
ri,30,10000,ras,30,0,0,0,0,0,0,0,0,0,0,0,203,35,687,,,,,,,,,
ri,30,10000,ras,30,0,0,0,0,0,0,0,0,0,0,0,220,41,713,,,,,,,,,
ri,30,10000,ras,30,0,0,0,0,0,0,0,0,0,0,0,190,35,716,,,,,,,,,
ri,30,10000,ras,30,0,0,0,0,0,0,0,0,0,0,0,202,37,713,,,,,,,,,
ri,30,10000,ras,30,0,0,0,0,0,0,0,0,0,0,0,187,34,716,,,,,,,,,
ri,30,10000,ras,30,0,0,0,0,0,0,0,0,0,0,0,223,41,715,,,,,,,,,
ri,30,10000,ras,30,0,0,0,0,0,0,0,0,0,0,0,211,39,715,,,,,,,,,
ri,30,10000,ras,30,0,0,0,0,0,0,0,0,0,0,0,199,37,713,,,,,,,,,
ri,30,10000,ras,30,0,0,0,0,0,0,0,0,0,0,0,204,36,711,,,,,,,,,
ri,30,10000,ras,30,0,0,0,0,0,0,0,0,0,0,0,198,37,713,,,,,,,,,
ri,30,10000,ras,30,0,0,0,0,0,0,0,0,0,0,0,200,39,719,,,,,,,,,
ri,30,10000,ras,30,0,0,0,0,0,0,0,0,0,0,0,213,40,710,,,,,,,,,
ri,30,10000,ras,30,0,0,0,0,0,0,0,0,0,0,0,187,33,763,,,,,,,,,
ri,30,10000,ras,30,0,0,0,0,0,0,0,0,0,0,0,200,35,713,,,,,,,,,
ri,30,10000,ras,30,0,0,0,0,0,0,0,0,0,0,0,217,41,715,,,,,,,,,
ri,30,10000,ras,30,0,0,0,0,0,0,0,0,0,0,0,228,43,714,,,,,,,,,
ri,49,10000,rok,30,28.72204402,28.74367238,28.73373133,28.73373133,28.73373133,28.73373133,28.72517962,28.72204402,28.72204402,28.72204402,28.72204402,6899,567,865,,,,,,,,,
ri,49,10000,rok,30,28.10043824,28.10150948,28.10150948,28.10150948,28.10111055,28.10111055,28.10111055,28.10111055,28.10111055,28.10043824,28.10043824,8334,665,777,,,,,,,,,
ri,49,10000,rok,30,28.10052908,28.11618775,28.10662681,28.10295738,28.10052908,28.10052908,28.10052908,28.10052908,28.10052908,28.10052908,28.10052908,3466,308,875,,,,,,,,,
ri,49,10000,rok,30,28.0948089,28.10258218,28.09745817,28.0948089,28.0948089,28.0948089,28.0948089,28.0948089,28.0948089,28.0948089,28.0948089,2045,200,868,,,,,,,,,
ri,49,10000,rok,30,28.10053725,28.12031161,28.10692091,28.10692091,28.10449578,28.10449578,28.10449578,28.10449578,28.10053725,28.10053725,28.10053725,7356,598,771,,,,,,,,,
ri,49,10000,rok,30,28.10038849,28.72175118,28.10136947,28.10136947,28.10136947,28.10038849,28.10038849,28.10038849,28.10038849,28.10038849,28.10038849,4041,368,863,,,,,,,,,
ri,49,10000,rok,30,28.10088657,28.10088657,28.10088657,28.10088657,28.10088657,28.10088657,28.10088657,28.10088657,28.10088657,28.10088657,28.10088657,943,109,764,,,,,,,,,
ri,49,10000,rok,30,28.10181782,28.13641353,28.1135291,28.1129675,28.1129675,28.1129675,28.10797256,28.10797256,28.10735193,28.10735193,28.10181782,9176,713,773,,,,,,,,,
ri,49,10000,rok,30,28.09995316,28.10381433,28.10201334,28.10201334,28.10153844,28.10034768,28.10034768,28.10034768,28.09995316,28.09995316,28.09995316,7701,624,779,,,,,,,,,
ri,49,10000,rok,30,28.10030189,28.10030189,28.10030189,28.10030189,28.10030189,28.10030189,28.10030189,28.10030189,28.10030189,28.10030189,28.10030189,706,96,776,,,,,,,,,
ri,49,10000,rok,30,28.10117137,28.10805015,28.10649883,28.10355508,28.10134791,28.10117137,28.10117137,28.10117137,28.10117137,28.10117137,28.10117137,4035,365,763,,,,,,,,,
ri,49,10000,rok,30,28.10282789,28.10282789,28.10282789,28.10282789,28.10282789,28.10282789,28.10282789,28.10282789,28.10282789,28.10282789,28.10282789,930,106,760,,,,,,,,,
ri,49,10000,rok,30,28.0997432,28.73619093,28.10309829,28.10013136,28.10013136,28.10013136,28.10013136,28.10013136,28.10013136,28.10013136,28.0997432,9194,707,764,,,,,,,,,
ri,49,10000,rok,30,28.10102989,28.12665474,28.10132103,28.10132103,28.10132103,28.10132103,28.10132103,28.10118995,28.10102989,28.10102989,28.10102989,7416,616,867,,,,,,,,,
ri,49,10000,rok,30,28.728147,28.73470564,28.73453182,28.72956378,28.72956378,28.72956378,28.72956378,28.72956378,28.72886772,28.728147,28.728147,8043,671,806,,,,,,,,,
ri,49,10000,rok,30,28.10054074,28.10202046,28.10202046,28.10202046,28.10202046,28.10068169,28.10061131,28.10061131,28.10061131,28.10061131,28.10054074,9031,812,881,,,,,,,,,
ri,49,10000,rok,30,28.10291512,28.73148156,28.73067437,28.73067437,28.73067437,28.12553552,28.11126089,28.10428233,28.10428233,28.10291512,28.10291512,8006,651,783,,,,,,,,,
ri,49,10000,rok,30,28.0997363,28.11412816,28.11412816,28.09986909,28.09986909,28.09986909,28.09986909,28.09986909,28.0997363,28.0997363,28.0997363,7704,665,877,,,,,,,,,
ri,49,10000,rok,30,28.10059268,28.10869384,28.10269029,28.10130549,28.10059268,28.10059268,28.10059268,28.10059268,28.10059268,28.10059268,28.10059268,3626,323,779,,,,,,,,,
ri,49,10000,rok,30,28.10048511,28.10305036,28.10048511,28.10048511,28.10048511,28.10048511,28.10048511,28.10048511,28.10048511,28.10048511,28.10048511,1815,171,778,,,,,,,,,
ri,49,10000,ack,30,4.44E-16,4.44E-16,4.44E-16,4.44E-16,4.44E-16,4.44E-16,4.44E-16,4.44E-16,4.44E-16,4.44E-16,4.44E-16,399,93,1146,,,,,,,,,
ri,49,10000,ack,30,4.44E-16,4.44E-16,4.44E-16,4.44E-16,4.44E-16,4.44E-16,4.44E-16,4.44E-16,4.44E-16,4.44E-16,4.44E-16,400,92,1134,,,,,,,,,
ri,49,10000,ack,30,4.44E-16,4.44E-16,4.44E-16,4.44E-16,4.44E-16,4.44E-16,4.44E-16,4.44E-16,4.44E-16,4.44E-16,4.44E-16,445,96,1151,,,,,,,,,
ri,49,10000,ack,30,4.44E-16,4.44E-16,4.44E-16,4.44E-16,4.44E-16,4.44E-16,4.44E-16,4.44E-16,4.44E-16,4.44E-16,4.44E-16,416,93,1160,,,,,,,,,
ri,49,10000,ack,30,4.44E-16,4.44E-16,4.44E-16,4.44E-16,4.44E-16,4.44E-16,4.44E-16,4.44E-16,4.44E-16,4.44E-16,4.44E-16,433,97,1151,,,,,,,,,
ri,49,10000,ack,30,4.44E-16,4.44E-16,4.44E-16,4.44E-16,4.44E-16,4.44E-16,4.44E-16,4.44E-16,4.44E-16,4.44E-16,4.44E-16,425,94,1157,,,,,,,,,
ri,49,10000,ack,30,4.44E-16,4.44E-16,4.44E-16,4.44E-16,4.44E-16,4.44E-16,4.44E-16,4.44E-16,4.44E-16,4.44E-16,4.44E-16,387,91,1160,,,,,,,,,
ri,49,10000,ack,30,4.44E-16,4.44E-16,4.44E-16,4.44E-16,4.44E-16,4.44E-16,4.44E-16,4.44E-16,4.44E-16,4.44E-16,4.44E-16,436,97,1153,,,,,,,,,
ri,49,10000,ack,30,4.44E-16,4.44E-16,4.44E-16,4.44E-16,4.44E-16,4.44E-16,4.44E-16,4.44E-16,4.44E-16,4.44E-16,4.44E-16,394,92,1170,,,,,,,,,
ri,49,10000,ack,30,4.44E-16,4.44E-16,4.44E-16,4.44E-16,4.44E-16,4.44E-16,4.44E-16,4.44E-16,4.44E-16,4.44E-16,4.44E-16,372,88,1165,,,,,,,,,
ri,49,10000,ack,30,4.44E-16,4.44E-16,4.44E-16,4.44E-16,4.44E-16,4.44E-16,4.44E-16,4.44E-16,4.44E-16,4.44E-16,4.44E-16,401,92,1157,,,,,,,,,
ri,49,10000,ack,30,4.44E-16,4.44E-16,4.44E-16,4.44E-16,4.44E-16,4.44E-16,4.44E-16,4.44E-16,4.44E-16,4.44E-16,4.44E-16,482,102,1159,,,,,,,,,
ri,49,10000,ack,30,4.44E-16,4.44E-16,4.44E-16,4.44E-16,4.44E-16,4.44E-16,4.44E-16,4.44E-16,4.44E-16,4.44E-16,4.44E-16,396,89,1140,,,,,,,,,
ri,49,10000,ack,30,4.44E-16,4.44E-16,4.44E-16,4.44E-16,4.44E-16,4.44E-16,4.44E-16,4.44E-16,4.44E-16,4.44E-16,4.44E-16,414,92,1143,,,,,,,,,
ri,49,10000,ack,30,4.44E-16,4.44E-16,4.44E-16,4.44E-16,4.44E-16,4.44E-16,4.44E-16,4.44E-16,4.44E-16,4.44E-16,4.44E-16,400,92,1152,,,,,,,,,
ri,49,10000,ack,30,4.44E-16,4.44E-16,4.44E-16,4.44E-16,4.44E-16,4.44E-16,4.44E-16,4.44E-16,4.44E-16,4.44E-16,4.44E-16,464,101,1142,,,,,,,,,
ri,49,10000,ack,30,4.44E-16,4.44E-16,4.44E-16,4.44E-16,4.44E-16,4.44E-16,4.44E-16,4.44E-16,4.44E-16,4.44E-16,4.44E-16,416,95,1152,,,,,,,,,
ri,49,10000,ack,30,4.44E-16,4.44E-16,4.44E-16,4.44E-16,4.44E-16,4.44E-16,4.44E-16,4.44E-16,4.44E-16,4.44E-16,4.44E-16,418,94,1154,,,,,,,,,
ri,49,10000,ack,30,4.44E-16,4.44E-16,4.44E-16,4.44E-16,4.44E-16,4.44E-16,4.44E-16,4.44E-16,4.44E-16,4.44E-16,4.44E-16,413,97,1164,,,,,,,,,
ri,49,10000,ack,30,4.44E-16,4.44E-16,4.44E-16,4.44E-16,4.44E-16,4.44E-16,4.44E-16,4.44E-16,4.44E-16,4.44E-16,4.44E-16,432,96,1147,,,,,,,,,
ri,49,10000,ras,30,0,0,0,0,0,0,0,0,0,0,0,196,54,1129,,,,,,,,,
ri,49,10000,ras,30,0,0,0,0,0,0,0,0,0,0,0,199,53,1126,,,,,,,,,
ri,49,10000,ras,30,0,0,0,0,0,0,0,0,0,0,0,215,58,1115,,,,,,,,,
ri,49,10000,ras,30,0,0,0,0,0,0,0,0,0,0,0,204,56,1128,,,,,,,,,
ri,49,10000,ras,30,0,0,0,0,0,0,0,0,0,0,0,202,56,1127,,,,,,,,,
ri,49,10000,ras,30,0,0,0,0,0,0,0,0,0,0,0,212,55,1113,,,,,,,,,
ri,49,10000,ras,30,0,0,0,0,0,0,0,0,0,0,0,201,55,1136,,,,,,,,,
ri,49,10000,ras,30,0,0,0,0,0,0,0,0,0,0,0,211,59,1153,,,,,,,,,
ri,49,10000,ras,30,0,0,0,0,0,0,0,0,0,0,0,213,59,1129,,,,,,,,,
ri,49,10000,ras,30,0,0,0,0,0,0,0,0,0,0,0,195,55,1129,,,,,,,,,
ri,49,10000,ras,30,0,0,0,0,0,0,0,0,0,0,0,202,57,1141,,,,,,,,,
ri,49,10000,ras,30,0,0,0,0,0,0,0,0,0,0,0,199,57,1120,,,,,,,,,
ri,49,10000,ras,30,0,0,0,0,0,0,0,0,0,0,0,196,53,1123,,,,,,,,,
ri,49,10000,ras,30,0,0,0,0,0,0,0,0,0,0,0,210,56,1109,,,,,,,,,
ri,49,10000,ras,30,0,0,0,0,0,0,0,0,0,0,0,188,53,1110,,,,,,,,,
ri,49,10000,ras,30,0,0,0,0,0,0,0,0,0,0,0,185,52,1106,,,,,,,,,
ri,49,10000,ras,30,0,0,0,0,0,0,0,0,0,0,0,207,56,1110,,,,,,,,,
ri,49,10000,ras,30,0,0,0,0,0,0,0,0,0,0,0,221,61,1144,,,,,,,,,
ri,49,10000,ras,30,0,0,0,0,0,0,0,0,0,0,0,214,58,1220,,,,,,,,,
ri,49,10000,ras,30,0,0,0,0,0,0,0,0,0,0,0,194,55,1131,,,,,,,,,
vn,16,10000,rok,30,28.09934637,28.10249451,28.10249451,28.10249451,28.10249451,28.10249451,28.10249451,28.10249451,28.09934637,28.09934637,28.09934637,7832,239,291,,,,,,,,,
vn,16,10000,rok,30,28.74238583,28.75260717,28.74460237,28.74281385,28.74281385,28.74238583,28.74238583,28.74238583,28.74238583,28.74238583,28.74238583,4373,146,293,,,,,,,,,
vn,16,10000,rok,30,28.10222196,28.73699775,28.73099261,28.14385194,28.11326733,28.10290592,28.10290592,28.10222196,28.10222196,28.10222196,28.10222196,6096,196,294,,,,,,,,,
vn,16,10000,rok,30,28.74169614,28.75098913,28.74409274,28.74409274,28.74169614,28.74169614,28.74169614,28.74169614,28.74169614,28.74169614,28.74169614,3875,132,294,,,,,,,,,
vn,16,10000,rok,30,28.73411131,28.74756047,28.74756047,28.74630515,28.74206117,28.74201743,28.74201743,28.73499651,28.73411131,28.73411131,28.73411131,7294,230,293,,,,,,,,,
vn,16,10000,rok,30,28.10024015,28.10256978,28.10256978,28.10256978,28.10256978,28.10256978,28.10256978,28.10024015,28.10024015,28.10024015,28.10024015,6232,214,311,,,,,,,,,
vn,16,10000,rok,30,28.74312627,28.76099591,28.74352444,28.74352444,28.74352444,28.74312627,28.74312627,28.74312627,28.74312627,28.74312627,28.74312627,4057,152,311,,,,,,,,,
vn,16,10000,rok,30,28.73261943,28.74359393,28.73707051,28.73681576,28.73681576,28.73681576,28.73681576,28.73641011,28.73641011,28.73628993,28.73261943,9404,279,299,,,,,,,,,
vn,16,10000,rok,30,28.74189786,28.75000123,28.75000123,28.74890189,28.74515783,28.74515783,28.74388634,28.74289714,28.74189786,28.74189786,28.74189786,7296,230,293,,,,,,,,,
vn,16,10000,rok,30,28.10102593,28.11955357,28.10393049,28.10223434,28.10223434,28.10223434,28.10102593,28.10102593,28.10102593,28.10102593,28.10102593,5864,187,293,,,,,,,,,
vn,16,10000,rok,30,28.1007446,28.12477523,28.10473278,28.1007446,28.1007446,28.1007446,28.1007446,28.1007446,28.1007446,28.1007446,28.1007446,2344,101,297,,,,,,,,,
vn,16,10000,rok,30,28.73454293,28.74145254,28.74145254,28.73943472,28.73454293,28.73454293,28.73454293,28.73454293,28.73454293,28.73454293,28.73454293,3910,130,287,,,,,,,,,
vn,16,10000,rok,30,28.10088308,28.15857957,28.10088308,28.10088308,28.10088308,28.10088308,28.10088308,28.10088308,28.10088308,28.10088308,28.10088308,1453,75,288,,,,,,,,,
vn,16,10000,rok,30,28.10232858,28.76043718,28.7443695,28.10766413,28.10547922,28.10547922,28.10547922,28.10547922,28.10547922,28.10232858,28.10232858,8202,245,288,,,,,,,,,
vn,16,10000,rok,30,28.71264943,28.71773899,28.71635774,28.71264943,28.71264943,28.71264943,28.71264943,28.71264943,28.71264943,28.71264943,28.71264943,2781,105,290,,,,,,,,,
vn,16,10000,rok,30,28.74949822,28.75626938,28.75161947,28.75161947,28.75161947,28.75154376,28.75102125,28.75102125,28.74949822,28.74949822,28.74949822,7496,233,291,,,,,,,,,
vn,16,10000,rok,30,28.10103842,28.11675577,28.10128413,28.10128413,28.10128413,28.10128413,28.10103842,28.10103842,28.10103842,28.10103842,28.10103842,5472,170,292,,,,,,,,,
vn,16,10000,rok,30,28.72733985,28.73099272,28.73099272,28.72848675,28.72848675,28.72733985,28.72733985,28.72733985,28.72733985,28.72733985,28.72733985,4541,145,290,,,,,,,,,
vn,16,10000,rok,30,28.75137053,28.75348356,28.75151583,28.75144369,28.75144369,28.75144369,28.75144369,28.75144369,28.75137053,28.75137053,28.75137053,7819,245,297,,,,,,,,,
vn,16,10000,rok,30,28.10092701,28.10685195,28.10410766,28.10226674,28.10226674,28.10226674,28.10196814,28.10196814,28.10166087,28.10166087,28.10092701,9363,277,297,,,,,,,,,
vn,16,10000,ack,30,4.44E-16,4.44E-16,4.44E-16,4.44E-16,4.44E-16,4.44E-16,4.44E-16,4.44E-16,4.44E-16,4.44E-16,4.44E-16,477,45,428,,,,,,,,,
vn,16,10000,ack,30,4.44E-16,4.44E-16,4.44E-16,4.44E-16,4.44E-16,4.44E-16,4.44E-16,4.44E-16,4.44E-16,4.44E-16,4.44E-16,413,48,448,,,,,,,,,
vn,16,10000,ack,30,4.44E-16,4.44E-16,4.44E-16,4.44E-16,4.44E-16,4.44E-16,4.44E-16,4.44E-16,4.44E-16,4.44E-16,4.44E-16,414,43,413,,,,,,,,,
vn,16,10000,ack,30,4.44E-16,4.44E-16,4.44E-16,4.44E-16,4.44E-16,4.44E-16,4.44E-16,4.44E-16,4.44E-16,4.44E-16,4.44E-16,482,46,401,,,,,,,,,
vn,16,10000,ack,30,4.44E-16,4.44E-16,4.44E-16,4.44E-16,4.44E-16,4.44E-16,4.44E-16,4.44E-16,4.44E-16,4.44E-16,4.44E-16,456,44,428,,,,,,,,,
vn,16,10000,ack,30,4.44E-16,4.44E-16,4.44E-16,4.44E-16,4.44E-16,4.44E-16,4.44E-16,4.44E-16,4.44E-16,4.44E-16,4.44E-16,437,45,403,,,,,,,,,
vn,16,10000,ack,30,4.44E-16,4.44E-16,4.44E-16,4.44E-16,4.44E-16,4.44E-16,4.44E-16,4.44E-16,4.44E-16,4.44E-16,4.44E-16,433,44,407,,,,,,,,,
vn,16,10000,ack,30,4.44E-16,4.44E-16,4.44E-16,4.44E-16,4.44E-16,4.44E-16,4.44E-16,4.44E-16,4.44E-16,4.44E-16,4.44E-16,471,45,428,,,,,,,,,
vn,16,10000,ack,30,4.44E-16,4.44E-16,4.44E-16,4.44E-16,4.44E-16,4.44E-16,4.44E-16,4.44E-16,4.44E-16,4.44E-16,4.44E-16,455,43,421,,,,,,,,,
vn,16,10000,ack,30,4.44E-16,4.44E-16,4.44E-16,4.44E-16,4.44E-16,4.44E-16,4.44E-16,4.44E-16,4.44E-16,4.44E-16,4.44E-16,455,45,426,,,,,,,,,
vn,16,10000,ack,30,4.44E-16,4.44E-16,4.44E-16,4.44E-16,4.44E-16,4.44E-16,4.44E-16,4.44E-16,4.44E-16,4.44E-16,4.44E-16,474,44,423,,,,,,,,,
vn,16,10000,ack,30,4.44E-16,4.44E-16,4.44E-16,4.44E-16,4.44E-16,4.44E-16,4.44E-16,4.44E-16,4.44E-16,4.44E-16,4.44E-16,482,54,442,,,,,,,,,
vn,16,10000,ack,30,4.44E-16,4.44E-16,4.44E-16,4.44E-16,4.44E-16,4.44E-16,4.44E-16,4.44E-16,4.44E-16,4.44E-16,4.44E-16,461,51,454,,,,,,,,,
vn,16,10000,ack,30,4.44E-16,4.44E-16,4.44E-16,4.44E-16,4.44E-16,4.44E-16,4.44E-16,4.44E-16,4.44E-16,4.44E-16,4.44E-16,401,46,446,,,,,,,,,
vn,16,10000,ack,30,4.44E-16,4.44E-16,4.44E-16,4.44E-16,4.44E-16,4.44E-16,4.44E-16,4.44E-16,4.44E-16,4.44E-16,4.44E-16,459,56,456,,,,,,,,,
vn,16,10000,ack,30,4.44E-16,4.44E-16,4.44E-16,4.44E-16,4.44E-16,4.44E-16,4.44E-16,4.44E-16,4.44E-16,4.44E-16,4.44E-16,451,43,427,,,,,,,,,
vn,16,10000,ack,30,4.44E-16,4.44E-16,4.44E-16,4.44E-16,4.44E-16,4.44E-16,4.44E-16,4.44E-16,4.44E-16,4.44E-16,4.44E-16,425,42,405,,,,,,,,,
vn,16,10000,ack,30,4.44E-16,4.44E-16,4.44E-16,4.44E-16,4.44E-16,4.44E-16,4.44E-16,4.44E-16,4.44E-16,4.44E-16,4.44E-16,479,46,426,,,,,,,,,
vn,16,10000,ack,30,4.44E-16,4.44E-16,4.44E-16,4.44E-16,4.44E-16,4.44E-16,4.44E-16,4.44E-16,4.44E-16,4.44E-16,4.44E-16,477,45,424,,,,,,,,,
vn,16,10000,ack,30,4.44E-16,4.44E-16,4.44E-16,4.44E-16,4.44E-16,4.44E-16,4.44E-16,4.44E-16,4.44E-16,4.44E-16,4.44E-16,510,48,427,,,,,,,,,
vn,16,10000,ras,30,0,0,0,0,0,0,0,0,0,0,0,209,22,417,,,,,,,,,
vn,16,10000,ras,30,0,0,0,0,0,0,0,0,0,0,0,234,24,415,,,,,,,,,
vn,16,10000,ras,30,0,0,0,0,0,0,0,0,0,0,0,221,24,416,,,,,,,,,
vn,16,10000,ras,30,0,0,0,0,0,0,0,0,0,0,0,205,22,422,,,,,,,,,
vn,16,10000,ras,30,0,0,0,0,0,0,0,0,0,0,0,231,23,416,,,,,,,,,
vn,16,10000,ras,30,0,0,0,0,0,0,0,0,0,0,0,188,21,419,,,,,,,,,
vn,16,10000,ras,30,0,0,0,0,0,0,0,0,0,0,0,244,23,414,,,,,,,,,
vn,16,10000,ras,30,0,0,0,0,0,0,0,0,0,0,0,211,24,424,,,,,,,,,
vn,16,10000,ras,30,0,0,0,0,0,0,0,0,0,0,0,201,22,422,,,,,,,,,
vn,16,10000,ras,30,0,0,0,0,0,0,0,0,0,0,0,235,24,417,,,,,,,,,
vn,16,10000,ras,30,0,0,0,0,0,0,0,0,0,0,0,218,23,431,,,,,,,,,
vn,16,10000,ras,30,0,0,0,0,0,0,0,0,0,0,0,225,25,427,,,,,,,,,
vn,16,10000,ras,30,0,0,0,0,0,0,0,0,0,0,0,241,24,422,,,,,,,,,
vn,16,10000,ras,30,0,0,0,0,0,0,0,0,0,0,0,196,23,426,,,,,,,,,
vn,16,10000,ras,30,0,0,0,0,0,0,0,0,0,0,0,240,26,427,,,,,,,,,
vn,16,10000,ras,30,0,0,0,0,0,0,0,0,0,0,0,213,23,422,,,,,,,,,
vn,16,10000,ras,30,0,0,0,0,0,0,0,0,0,0,0,197,22,420,,,,,,,,,
vn,16,10000,ras,30,0,0,0,0,0,0,0,0,0,0,0,232,26,427,,,,,,,,,
vn,16,10000,ras,30,0,0,0,0,0,0,0,0,0,0,0,224,22,421,,,,,,,,,
vn,16,10000,ras,30,0,0,0,0,0,0,0,0,0,0,0,210,23,427,,,,,,,,,
vn,30,10000,rok,30,28.10062831,28.59602704,28.10956368,28.10326888,28.10239621,28.10239621,28.10239621,28.10062831,28.10062831,28.10062831,28.10062831,6275,347,529,,,,,,,,,
vn,30,10000,rok,30,28.10247643,28.12050283,28.10687151,28.10657651,28.10657651,28.10657651,28.10483781,28.10319742,28.1031353,28.10247643,28.10247643,8587,461,522,,,,,,,,,
vn,30,10000,rok,30,28.10152229,28.10175755,28.10175755,28.10175755,28.10175755,28.10175755,28.10175755,28.10175755,28.10152229,28.10152229,28.10152229,7139,411,528,,,,,,,,,
vn,30,10000,rok,30,28.1004279,28.12869985,28.10259436,28.10259436,28.1004279,28.1004279,28.1004279,28.1004279,28.1004279,28.1004279,28.1004279,3878,230,527,,,,,,,,,
vn,30,10000,rok,30,28.10163579,28.74712986,28.74712986,28.74232965,28.12413456,28.10430675,28.1033826,28.1033826,28.10163579,28.10163579,28.10163579,7410,416,522,,,,,,,,,
vn,30,10000,rok,30,28.09908652,28.11822569,28.1005446,28.1005446,28.09908652,28.09908652,28.09908652,28.09908652,28.09908652,28.09908652,28.09908652,3920,226,518,,,,,,,,,
vn,30,10000,rok,30,28.72124524,28.72188869,28.72124524,28.72124524,28.72124524,28.72124524,28.72124524,28.72124524,28.72124524,28.72124524,28.72124524,1590,111,523,,,,,,,,,
vn,30,10000,rok,30,28.10090204,28.13064849,28.10090204,28.10090204,28.10090204,28.10090204,28.10090204,28.10090204,28.10090204,28.10090204,28.10090204,1590,119,531,,,,,,,,,
vn,30,10000,rok,30,28.10049059,28.13054741,28.11330985,28.10183931,28.10076441,28.10076441,28.10049059,28.10049059,28.10049059,28.10049059,28.10049059,5687,321,553,,,,,,,,,
vn,30,10000,rok,30,28.74409441,28.75334065,28.75334065,28.748637,28.74848119,28.74765107,28.74765107,28.74530424,28.74409441,28.74409441,28.74409441,7334,420,529,,,,,,,,,
vn,30,10000,rok,30,28.73244078,28.75053699,28.74713498,28.74713498,28.7413013,28.7364964,28.7364964,28.7364964,28.7364964,28.73244078,28.73244078,8824,471,522,,,,,,,,,
vn,30,10000,rok,30,28.10080385,28.11164382,28.10139626,28.10080385,28.10080385,28.10080385,28.10080385,28.10080385,28.10080385,28.10080385,28.10080385,2114,135,527,,,,,,,,,
vn,30,10000,rok,30,28.74420107,28.75184589,28.75184589,28.74875789,28.74755541,28.74755541,28.74755541,28.74621142,28.74592163,28.74420107,28.74420107,8393,453,521,,,,,,,,,
vn,30,10000,rok,30,28.73715608,28.7452573,28.74320311,28.74171674,28.74171674,28.73964525,28.73941868,28.73941868,28.73783406,28.73715608,28.73715608,8603,456,517,,,,,,,,,
vn,30,10000,rok,30,28.71806151,28.73756572,28.73420372,28.72651458,28.71997143,28.71997143,28.71997143,28.71806151,28.71806151,28.71806151,28.71806151,6878,391,521,,,,,,,,,
vn,30,10000,rok,30,28.1004281,28.74297399,28.74270106,28.10066944,28.10066944,28.10066944,28.1004281,28.1004281,28.1004281,28.1004281,28.1004281,5049,280,527,,,,,,,,,
vn,30,10000,rok,30,28.1013879,28.45714374,28.11753892,28.10144254,28.1013879,28.1013879,28.1013879,28.1013879,28.1013879,28.1013879,28.1013879,3702,223,530,,,,,,,,,
vn,30,10000,rok,30,28.74075196,28.75059265,28.74709272,28.74155407,28.74155407,28.74155407,28.74155407,28.74155407,28.74155407,28.74155407,28.74075196,9881,510,521,,,,,,,,,
vn,30,10000,rok,30,28.10118997,28.11790835,28.10388646,28.10344505,28.10182349,28.10182349,28.10157447,28.10157447,28.10157447,28.10157447,28.10118997,9114,486,527,,,,,,,,,
vn,30,10000,rok,30,28.10107195,28.75595115,28.32766691,28.10302776,28.10238086,28.10225879,28.1014961,28.1014961,28.1014961,28.1014961,28.10107195,9810,514,528,,,,,,,,,
vn,30,10000,ack,30,4.44E-16,4.44E-16,4.44E-16,4.44E-16,4.44E-16,4.44E-16,4.44E-16,4.44E-16,4.44E-16,4.44E-16,4.44E-16,445,69,715,,,,,,,,,
vn,30,10000,ack,30,4.44E-16,4.44E-16,4.44E-16,4.44E-16,4.44E-16,4.44E-16,4.44E-16,4.44E-16,4.44E-16,4.44E-16,4.44E-16,430,68,717,,,,,,,,,
vn,30,10000,ack,30,4.44E-16,4.44E-16,4.44E-16,4.44E-16,4.44E-16,4.44E-16,4.44E-16,4.44E-16,4.44E-16,4.44E-16,4.44E-16,447,69,722,,,,,,,,,
vn,30,10000,ack,30,4.44E-16,4.44E-16,4.44E-16,4.44E-16,4.44E-16,4.44E-16,4.44E-16,4.44E-16,4.44E-16,4.44E-16,4.44E-16,439,69,735,,,,,,,,,
vn,30,10000,ack,30,4.44E-16,4.44E-16,4.44E-16,4.44E-16,4.44E-16,4.44E-16,4.44E-16,4.44E-16,4.44E-16,4.44E-16,4.44E-16,423,68,740,,,,,,,,,
vn,30,10000,ack,30,4.44E-16,4.44E-16,4.44E-16,4.44E-16,4.44E-16,4.44E-16,4.44E-16,4.44E-16,4.44E-16,4.44E-16,4.44E-16,418,66,711,,,,,,,,,
vn,30,10000,ack,30,4.44E-16,4.44E-16,4.44E-16,4.44E-16,4.44E-16,4.44E-16,4.44E-16,4.44E-16,4.44E-16,4.44E-16,4.44E-16,456,71,712,,,,,,,,,
vn,30,10000,ack,30,4.44E-16,4.44E-16,4.44E-16,4.44E-16,4.44E-16,4.44E-16,4.44E-16,4.44E-16,4.44E-16,4.44E-16,4.44E-16,441,68,710,,,,,,,,,
vn,30,10000,ack,30,4.44E-16,4.44E-16,4.44E-16,4.44E-16,4.44E-16,4.44E-16,4.44E-16,4.44E-16,4.44E-16,4.44E-16,4.44E-16,462,72,723,,,,,,,,,
vn,30,10000,ack,30,4.44E-16,4.44E-16,4.44E-16,4.44E-16,4.44E-16,4.44E-16,4.44E-16,4.44E-16,4.44E-16,4.44E-16,4.44E-16,431,69,726,,,,,,,,,
vn,30,10000,ack,30,4.44E-16,4.44E-16,4.44E-16,4.44E-16,4.44E-16,4.44E-16,4.44E-16,4.44E-16,4.44E-16,4.44E-16,4.44E-16,471,73,742,,,,,,,,,
vn,30,10000,ack,30,4.44E-16,4.44E-16,4.44E-16,4.44E-16,4.44E-16,4.44E-16,4.44E-16,4.44E-16,4.44E-16,4.44E-16,4.44E-16,406,64,765,,,,,,,,,
vn,30,10000,ack,30,4.44E-16,4.44E-16,4.44E-16,4.44E-16,4.44E-16,4.44E-16,4.44E-16,4.44E-16,4.44E-16,4.44E-16,4.44E-16,412,75,839,,,,,,,,,
vn,30,10000,ack,30,4.44E-16,4.44E-16,4.44E-16,4.44E-16,4.44E-16,4.44E-16,4.44E-16,4.44E-16,4.44E-16,4.44E-16,4.44E-16,417,72,760,,,,,,,,,
vn,30,10000,ack,30,4.44E-16,4.44E-16,4.44E-16,4.44E-16,4.44E-16,4.44E-16,4.44E-16,4.44E-16,4.44E-16,4.44E-16,4.44E-16,432,70,717,,,,,,,,,
vn,30,10000,ack,30,4.44E-16,4.44E-16,4.44E-16,4.44E-16,4.44E-16,4.44E-16,4.44E-16,4.44E-16,4.44E-16,4.44E-16,4.44E-16,445,73,753,,,,,,,,,
vn,30,10000,ack,30,4.44E-16,4.44E-16,4.44E-16,4.44E-16,4.44E-16,4.44E-16,4.44E-16,4.44E-16,4.44E-16,4.44E-16,4.44E-16,449,69,713,,,,,,,,,
vn,30,10000,ack,30,4.44E-16,4.44E-16,4.44E-16,4.44E-16,4.44E-16,4.44E-16,4.44E-16,4.44E-16,4.44E-16,4.44E-16,4.44E-16,419,66,710,,,,,,,,,
vn,30,10000,ack,30,4.44E-16,4.44E-16,4.44E-16,4.44E-16,4.44E-16,4.44E-16,4.44E-16,4.44E-16,4.44E-16,4.44E-16,4.44E-16,371,61,715,,,,,,,,,
vn,30,10000,ack,30,4.44E-16,4.44E-16,4.44E-16,4.44E-16,4.44E-16,4.44E-16,4.44E-16,4.44E-16,4.44E-16,4.44E-16,4.44E-16,474,74,714,,,,,,,,,
vn,30,10000,ras,30,0,0,0,0,0,0,0,0,0,0,0,232,43,716,,,,,,,,,
vn,30,10000,ras,30,0,0,0,0,0,0,0,0,0,0,0,209,38,714,,,,,,,,,
vn,30,10000,ras,30,0,0,0,0,0,0,0,0,0,0,0,219,39,712,,,,,,,,,
vn,30,10000,ras,30,0,0,0,0,0,0,0,0,0,0,0,203,39,715,,,,,,,,,
vn,30,10000,ras,30,0,0,0,0,0,0,0,0,0,0,0,215,39,760,,,,,,,,,
vn,30,10000,ras,30,0,0,0,0,0,0,0,0,0,0,0,177,33,716,,,,,,,,,
vn,30,10000,ras,30,0,0,0,0,0,0,0,0,0,0,0,209,38,714,,,,,,,,,
vn,30,10000,ras,30,0,0,0,0,0,0,0,0,0,0,0,213,41,716,,,,,,,,,
vn,30,10000,ras,30,0,0,0,0,0,0,0,0,0,0,0,185,36,771,,,,,,,,,
vn,30,10000,ras,30,0,0,0,0,0,0,0,0,0,0,0,194,37,727,,,,,,,,,
vn,30,10000,ras,30,0,0,0,0,0,0,0,0,0,0,0,200,35,692,,,,,,,,,
vn,30,10000,ras,30,0,0,0,0,0,0,0,0,0,0,0,152,30,715,,,,,,,,,
vn,30,10000,ras,30,0,0,0,0,0,0,0,0,0,0,0,195,35,715,,,,,,,,,
vn,30,10000,ras,30,0,0,0,0,0,0,0,0,0,0,0,220,41,714,,,,,,,,,
vn,30,10000,ras,30,0,0,0,0,0,0,0,0,0,0,0,200,40,763,,,,,,,,,
vn,30,10000,ras,30,0,0,0,0,0,0,0,0,0,0,0,217,38,713,,,,,,,,,
vn,30,10000,ras,30,0,0,0,0,0,0,0,0,0,0,0,223,39,712,,,,,,,,,
vn,30,10000,ras,30,0,0,0,0,0,0,0,0,0,0,0,200,38,717,,,,,,,,,
vn,30,10000,ras,30,0,0,0,0,0,0,0,0,0,0,0,210,40,700,,,,,,,,,
vn,30,10000,ras,30,0,0,0,0,0,0,0,0,0,0,0,236,41,712,,,,,,,,,
vn,49,10000,rok,30,28.74080341,28.7518795,28.74268985,28.74268985,28.74252677,28.7408787,28.74080341,28.74080341,28.74080341,28.74080341,28.74080341,5508,475,767,,,,,,,,,
vn,49,10000,rok,30,28.10156056,28.73787023,28.10625109,28.10423339,28.10423339,28.10156056,28.10156056,28.10156056,28.10156056,28.10156056,28.10156056,4337,402,766,,,,,,,,,
vn,49,10000,rok,30,28.10059612,28.1013646,28.1013646,28.1013646,28.1013646,28.1013646,28.1013646,28.1013646,28.10059612,28.10059612,28.10059612,7043,574,768,,,,,,,,,
vn,49,10000,rok,30,28.10048621,28.11213339,28.10559822,28.10070426,28.10070426,28.10070426,28.10048621,28.10048621,28.10048621,28.10048621,28.10048621,5837,500,774,,,,,,,,,
vn,49,10000,rok,30,28.10091216,28.10641759,28.10091216,28.10091216,28.10091216,28.10091216,28.10091216,28.10091216,28.10091216,28.10091216,28.10091216,1415,143,770,,,,,,,,,
vn,49,10000,rok,30,28.10046233,28.10534144,28.10247825,28.10247825,28.10247825,28.10050303,28.10050303,28.10050303,28.10046233,28.10046233,28.10046233,7584,616,776,,,,,,,,,
vn,49,10000,rok,30,28.10074109,28.11731665,28.11578651,28.10190721,28.10074109,28.10074109,28.10074109,28.10074109,28.10074109,28.10074109,28.10074109,3966,360,779,,,,,,,,,
vn,49,10000,rok,30,28.10046542,28.11119624,28.10145437,28.10051322,28.10051322,28.10051322,28.10051322,28.10051322,28.10051322,28.10046542,28.10046542,8234,738,881,,,,,,,,,
vn,49,10000,rok,30,28.10046129,28.10374085,28.10224315,28.10224315,28.10224315,28.10134325,28.10134325,28.10134325,28.10119087,28.10046129,28.10046129,8047,650,779,,,,,,,,,
vn,49,10000,rok,30,28.10118574,28.12601295,28.10548576,28.10548576,28.10154292,28.10154292,28.10154292,28.10154292,28.10154292,28.10133564,28.10118574,9804,873,892,,,,,,,,,
vn,49,10000,rok,30,28.10125536,28.39952533,28.10553236,28.10158931,28.10158931,28.10158931,28.10158931,28.10158931,28.10158931,28.10125536,28.10125536,8600,681,777,,,,,,,,,
vn,49,10000,rok,30,28.10194125,28.74156026,28.73593754,28.10698734,28.10268983,28.10268983,28.1021184,28.1021184,28.1021184,28.10194125,28.10194125,8865,721,801,,,,,,,,,
vn,49,10000,rok,30,28.1005681,28.10158273,28.10085147,28.10085147,28.10085147,28.10085147,28.10085147,28.10063803,28.1005681,28.1005681,28.1005681,7859,632,777,,,,,,,,,
vn,49,10000,rok,30,28.10078272,28.13877373,28.1029161,28.10078272,28.10078272,28.10078272,28.10078272,28.10078272,28.10078272,28.10078272,28.10078272,2996,275,870,,,,,,,,,
vn,49,10000,rok,30,28.10069356,28.11934174,28.10115779,28.10099897,28.10099897,28.10088898,28.10069356,28.10069356,28.10069356,28.10069356,28.10069356,5839,499,866,,,,,,,,,
vn,49,10000,rok,30,28.10063168,28.11187298,28.10985282,28.10985282,28.1048085,28.10069125,28.10069125,28.10069125,28.10063168,28.10063168,28.10063168,7990,640,774,,,,,,,,,
vn,49,10000,rok,30,28.100849,28.10182584,28.10158555,28.10158555,28.10158555,28.100849,28.100849,28.100849,28.100849,28.100849,28.100849,4585,425,775,,,,,,,,,
vn,49,10000,rok,30,28.100969,28.10996059,28.10689917,28.100969,28.100969,28.100969,28.100969,28.100969,28.100969,28.100969,28.100969,2312,222,764,,,,,,,,,
vn,49,10000,rok,30,28.0977155,28.0977155,28.0977155,28.0977155,28.0977155,28.0977155,28.0977155,28.0977155,28.0977155,28.0977155,28.0977155,879,106,882,,,,,,,,,
vn,49,10000,rok,30,28.09920731,28.1010477,28.1010477,28.10013185,28.10013185,28.09920731,28.09920731,28.09920731,28.09920731,28.09920731,28.09920731,4197,394,779,,,,,,,,,
vn,49,10000,ack,30,4.44E-16,4.44E-16,4.44E-16,4.44E-16,4.44E-16,4.44E-16,4.44E-16,4.44E-16,4.44E-16,4.44E-16,4.44E-16,420,96,1167,,,,,,,,,
vn,49,10000,ack,30,4.44E-16,4.44E-16,4.44E-16,4.44E-16,4.44E-16,4.44E-16,4.44E-16,4.44E-16,4.44E-16,4.44E-16,4.44E-16,433,98,1175,,,,,,,,,
vn,49,10000,ack,30,4.44E-16,4.44E-16,4.44E-16,4.44E-16,4.44E-16,4.44E-16,4.44E-16,4.44E-16,4.44E-16,4.44E-16,4.44E-16,453,97,1152,,,,,,,,,
vn,49,10000,ack,30,4.44E-16,4.44E-16,4.44E-16,4.44E-16,4.44E-16,4.44E-16,4.44E-16,4.44E-16,4.44E-16,4.44E-16,4.44E-16,445,99,1151,,,,,,,,,
vn,49,10000,ack,30,4.44E-16,4.44E-16,4.44E-16,4.44E-16,4.44E-16,4.44E-16,4.44E-16,4.44E-16,4.44E-16,4.44E-16,4.44E-16,389,89,1153,,,,,,,,,
vn,49,10000,ack,30,4.44E-16,4.44E-16,4.44E-16,4.44E-16,4.44E-16,4.44E-16,4.44E-16,4.44E-16,4.44E-16,4.44E-16,4.44E-16,424,95,1228,,,,,,,,,
vn,49,10000,ack,30,4.44E-16,4.44E-16,4.44E-16,4.44E-16,4.44E-16,4.44E-16,4.44E-16,4.44E-16,4.44E-16,4.44E-16,4.44E-16,423,97,1142,,,,,,,,,
vn,49,10000,ack,30,4.44E-16,4.44E-16,4.44E-16,4.44E-16,4.44E-16,4.44E-16,4.44E-16,4.44E-16,4.44E-16,4.44E-16,4.44E-16,401,91,1144,,,,,,,,,
vn,49,10000,ack,30,4.44E-16,4.44E-16,4.44E-16,4.44E-16,4.44E-16,4.44E-16,4.44E-16,4.44E-16,4.44E-16,4.44E-16,4.44E-16,427,95,1154,,,,,,,,,
vn,49,10000,ack,30,4.44E-16,4.44E-16,4.44E-16,4.44E-16,4.44E-16,4.44E-16,4.44E-16,4.44E-16,4.44E-16,4.44E-16,4.44E-16,420,92,1155,,,,,,,,,
vn,49,10000,ack,30,4.44E-16,4.44E-16,4.44E-16,4.44E-16,4.44E-16,4.44E-16,4.44E-16,4.44E-16,4.44E-16,4.44E-16,4.44E-16,430,97,1136,,,,,,,,,
vn,49,10000,ack,30,4.44E-16,4.44E-16,4.44E-16,4.44E-16,4.44E-16,4.44E-16,4.44E-16,4.44E-16,4.44E-16,4.44E-16,4.44E-16,433,96,1209,,,,,,,,,
vn,49,10000,ack,30,4.44E-16,4.44E-16,4.44E-16,4.44E-16,4.44E-16,4.44E-16,4.44E-16,4.44E-16,4.44E-16,4.44E-16,4.44E-16,397,92,1165,,,,,,,,,
vn,49,10000,ack,30,4.44E-16,4.44E-16,4.44E-16,4.44E-16,4.44E-16,4.44E-16,4.44E-16,4.44E-16,4.44E-16,4.44E-16,4.44E-16,435,98,1159,,,,,,,,,
vn,49,10000,ack,30,4.44E-16,4.44E-16,4.44E-16,4.44E-16,4.44E-16,4.44E-16,4.44E-16,4.44E-16,4.44E-16,4.44E-16,4.44E-16,398,93,1149,,,,,,,,,
vn,49,10000,ack,30,4.44E-16,4.44E-16,4.44E-16,4.44E-16,4.44E-16,4.44E-16,4.44E-16,4.44E-16,4.44E-16,4.44E-16,4.44E-16,430,96,1246,,,,,,,,,
vn,49,10000,ack,30,4.44E-16,4.44E-16,4.44E-16,4.44E-16,4.44E-16,4.44E-16,4.44E-16,4.44E-16,4.44E-16,4.44E-16,4.44E-16,445,96,1164,,,,,,,,,
vn,49,10000,ack,30,4.44E-16,4.44E-16,4.44E-16,4.44E-16,4.44E-16,4.44E-16,4.44E-16,4.44E-16,4.44E-16,4.44E-16,4.44E-16,412,95,1150,,,,,,,,,
vn,49,10000,ack,30,4.44E-16,4.44E-16,4.44E-16,4.44E-16,4.44E-16,4.44E-16,4.44E-16,4.44E-16,4.44E-16,4.44E-16,4.44E-16,375,89,1141,,,,,,,,,
vn,49,10000,ack,30,4.44E-16,4.44E-16,4.44E-16,4.44E-16,4.44E-16,4.44E-16,4.44E-16,4.44E-16,4.44E-16,4.44E-16,4.44E-16,445,97,1167,,,,,,,,,
vn,49,10000,ras,30,0,0,0,0,0,0,0,0,0,0,0,178,50,1125,,,,,,,,,
vn,49,10000,ras,30,0,0,0,0,0,0,0,0,0,0,0,192,53,1135,,,,,,,,,
vn,49,10000,ras,30,0,0,0,0,0,0,0,0,0,0,0,190,54,1158,,,,,,,,,
vn,49,10000,ras,30,0,0,0,0,0,0,0,0,0,0,0,207,59,1170,,,,,,,,,
vn,49,10000,ras,30,0,0,0,0,0,0,0,0,0,0,0,192,55,1143,,,,,,,,,
vn,49,10000,ras,30,0,0,0,0,0,0,0,0,0,0,0,210,57,1119,,,,,,,,,
vn,49,10000,ras,30,0,0,0,0,0,0,0,0,0,0,0,186,52,1110,,,,,,,,,
vn,49,10000,ras,30,0,0,0,0,0,0,0,0,0,0,0,202,55,1135,,,,,,,,,
vn,49,10000,ras,30,0,0,0,0,0,0,0,0,0,0,0,203,53,1118,,,,,,,,,
vn,49,10000,ras,30,0,0,0,0,0,0,0,0,0,0,0,203,57,1117,,,,,,,,,
vn,49,10000,ras,30,0,0,0,0,0,0,0,0,0,0,0,195,54,1112,,,,,,,,,
vn,49,10000,ras,30,0,0,0,0,0,0,0,0,0,0,0,200,55,1127,,,,,,,,,
vn,49,10000,ras,30,0,0,0,0,0,0,0,0,0,0,0,186,51,1114,,,,,,,,,
vn,49,10000,ras,30,0,0,0,0,0,0,0,0,0,0,0,215,59,1110,,,,,,,,,
vn,49,10000,ras,30,0,0,0,0,0,0,0,0,0,0,0,188,49,1123,,,,,,,,,
vn,49,10000,ras,30,0,0,0,0,0,0,0,0,0,0,0,171,52,1128,,,,,,,,,
vn,49,10000,ras,30,0,0,0,0,0,0,0,0,0,0,0,179,54,1130,,,,,,,,,
vn,49,10000,ras,30,0,0,0,0,0,0,0,0,0,0,0,208,73,1215,,,,,,,,,
vn,49,10000,ras,30,0,0,0,0,0,0,0,0,0,0,0,202,57,1114,,,,,,,,,
vn,49,10000,ras,30,0,0,0,0,0,0,0,0,0,0,0,208,57,1138,,,,,,,,,
ra,16,10000,rok,30,28.1019204,28.23564512,28.11362009,28.1019204,28.1019204,28.1019204,28.1019204,28.1019204,28.1019204,28.1019204,28.1019204,2231,105,308,,,,,,,,,
ra,16,10000,rok,30,28.10108596,28.74902349,28.74200987,28.14606126,28.1085941,28.10108596,28.10108596,28.10108596,28.10108596,28.10108596,28.10108596,4124,145,306,,,,,,,,,
ra,16,10000,rok,30,28.72304241,28.73663929,28.73091045,28.73091045,28.73091045,28.72805754,28.72805754,28.72659444,28.72574122,28.72464642,28.72304241,9935,306,314,,,,,,,,,
ra,16,10000,rok,30,28.10112399,28.73202451,28.73176445,28.73176445,28.67593621,28.10112399,28.10112399,28.10112399,28.10112399,28.10112399,28.10112399,4678,159,309,,,,,,,,,
ra,16,10000,rok,30,28.74241348,28.74344207,28.74254321,28.74254321,28.74254321,28.74254321,28.74254321,28.74241348,28.74241348,28.74241348,28.74241348,6073,204,304,,,,,,,,,
ra,16,10000,rok,30,28.76108281,28.76148147,28.76118303,28.76118303,28.76118303,28.76118303,28.76118303,28.76118303,28.76118303,28.76108281,28.76108281,8148,253,300,,,,,,,,,
ra,16,10000,rok,30,28.76122419,28.76247302,28.76123238,28.76123238,28.76123238,28.76123238,28.76123238,28.76123177,28.76123177,28.76123177,28.76122419,9606,293,308,,,,,,,,,
ra,16,10000,rok,30,28.75245606,28.7612602,28.7612602,28.76121144,28.76103271,28.76103271,28.76103271,28.76103271,28.75671571,28.75245606,28.75245606,8656,268,303,,,,,,,,,
ra,16,10000,rok,30,28.10002679,28.14112735,28.1199713,28.10226378,28.10226378,28.10226378,28.10036276,28.10002679,28.10002679,28.10002679,28.10002679,6602,223,301,,,,,,,,,
ra,16,10000,rok,30,28.75156325,28.76567847,28.76071648,28.75562454,28.75246188,28.75156325,28.75156325,28.75156325,28.75156325,28.75156325,28.75156325,4298,146,299,,,,,,,,,
ra,16,10000,rok,30,28.73801793,28.74253425,28.73964026,28.73964026,28.73964026,28.73964026,28.73964026,28.7392995,28.73801793,28.73801793,28.73801793,7231,234,299,,,,,,,,,
ra,16,10000,rok,30,28.10090774,28.11367486,28.10091983,28.10091983,28.10091983,28.10091983,28.10090774,28.10090774,28.10090774,28.10090774,28.10090774,5940,195,299,,,,,,,,,
ra,16,10000,rok,30,28.10104609,28.36272291,28.10981497,28.1049026,28.10289716,28.10104609,28.10104609,28.10104609,28.10104609,28.10104609,28.10104609,4892,161,299,,,,,,,,,
ra,16,10000,rok,30,28.7513416,28.76006476,28.75282426,28.75152845,28.75150389,28.7513416,28.7513416,28.7513416,28.7513416,28.7513416,28.7513416,4500,151,301,,,,,,,,,
ra,16,10000,rok,30,28.10051469,28.54575897,28.1068494,28.10247845,28.10209253,28.10085412,28.10085412,28.10085412,28.10051469,28.10051469,28.10051469,7968,253,302,,,,,,,,,
ra,16,10000,rok,30,28.74958364,28.7556066,28.75158303,28.75096488,28.75096488,28.75096488,28.75096488,28.74958364,28.74958364,28.74958364,28.74958364,6008,198,299,,,,,,,,,
ra,16,10000,rok,30,28.09657645,28.4076346,28.09981226,28.09981226,28.09981226,28.09981226,28.09868553,28.09657645,28.09657645,28.09657645,28.09657645,6540,221,300,,,,,,,,,
ra,16,10000,rok,30,28.09463245,28.10100216,28.10039898,28.10039898,28.10039898,28.09738122,28.09463245,28.09463245,28.09463245,28.09463245,28.09463245,5348,169,298,,,,,,,,,
ra,16,10000,rok,30,28.1007035,28.11362775,28.11173207,28.11173207,28.10258348,28.1007035,28.1007035,28.1007035,28.1007035,28.1007035,28.1007035,4478,151,300,,,,,,,,,
ra,16,10000,rok,30,28.72836595,28.7321202,28.72836595,28.72836595,28.72836595,28.72836595,28.72836595,28.72836595,28.72836595,28.72836595,28.72836595,1590,82,294,,,,,,,,,
ra,16,10000,ack,30,4.44E-16,4.44E-16,4.44E-16,4.44E-16,4.44E-16,4.44E-16,4.44E-16,4.44E-16,4.44E-16,4.44E-16,4.44E-16,447,45,413,,,,,,,,,
ra,16,10000,ack,30,4.44E-16,4.44E-16,4.44E-16,4.44E-16,4.44E-16,4.44E-16,4.44E-16,4.44E-16,4.44E-16,4.44E-16,4.44E-16,516,51,414,,,,,,,,,
ra,16,10000,ack,30,4.44E-16,4.44E-16,4.44E-16,4.44E-16,4.44E-16,4.44E-16,4.44E-16,4.44E-16,4.44E-16,4.44E-16,4.44E-16,469,47,416,,,,,,,,,
ra,16,10000,ack,30,4.44E-16,4.44E-16,4.44E-16,4.44E-16,4.44E-16,4.44E-16,4.44E-16,4.44E-16,4.44E-16,4.44E-16,4.44E-16,386,42,440,,,,,,,,,
ra,16,10000,ack,30,4.44E-16,4.44E-16,4.44E-16,4.44E-16,4.44E-16,4.44E-16,4.44E-16,4.44E-16,4.44E-16,4.44E-16,4.44E-16,386,41,437,,,,,,,,,
ra,16,10000,ack,30,4.44E-16,4.44E-16,4.44E-16,4.44E-16,4.44E-16,4.44E-16,4.44E-16,4.44E-16,4.44E-16,4.44E-16,4.44E-16,482,50,442,,,,,,,,,
ra,16,10000,ack,30,4.44E-16,4.44E-16,4.44E-16,4.44E-16,4.44E-16,4.44E-16,4.44E-16,4.44E-16,4.44E-16,4.44E-16,4.44E-16,407,43,442,,,,,,,,,
ra,16,10000,ack,30,4.44E-16,4.44E-16,4.44E-16,4.44E-16,4.44E-16,4.44E-16,4.44E-16,4.44E-16,4.44E-16,4.44E-16,4.44E-16,455,48,446,,,,,,,,,
ra,16,10000,ack,30,4.44E-16,4.44E-16,4.44E-16,4.44E-16,4.44E-16,4.44E-16,4.44E-16,4.44E-16,4.44E-16,4.44E-16,4.44E-16,475,49,445,,,,,,,,,
ra,16,10000,ack,30,4.44E-16,4.44E-16,4.44E-16,4.44E-16,4.44E-16,4.44E-16,4.44E-16,4.44E-16,4.44E-16,4.44E-16,4.44E-16,391,50,448,,,,,,,,,
ra,16,10000,ack,30,4.44E-16,4.44E-16,4.44E-16,4.44E-16,4.44E-16,4.44E-16,4.44E-16,4.44E-16,4.44E-16,4.44E-16,4.44E-16,449,45,436,,,,,,,,,
ra,16,10000,ack,30,4.44E-16,4.44E-16,4.44E-16,4.44E-16,4.44E-16,4.44E-16,4.44E-16,4.44E-16,4.44E-16,4.44E-16,4.44E-16,433,46,418,,,,,,,,,
ra,16,10000,ack,30,4.44E-16,4.44E-16,4.44E-16,4.44E-16,4.44E-16,4.44E-16,4.44E-16,4.44E-16,4.44E-16,4.44E-16,4.44E-16,433,44,437,,,,,,,,,
ra,16,10000,ack,30,4.44E-16,4.44E-16,4.44E-16,4.44E-16,4.44E-16,4.44E-16,4.44E-16,4.44E-16,4.44E-16,4.44E-16,4.44E-16,427,45,440,,,,,,,,,
ra,16,10000,ack,30,4.44E-16,4.44E-16,4.44E-16,4.44E-16,4.44E-16,4.44E-16,4.44E-16,4.44E-16,4.44E-16,4.44E-16,4.44E-16,481,48,433,,,,,,,,,
ra,16,10000,ack,30,4.44E-16,4.44E-16,4.44E-16,4.44E-16,4.44E-16,4.44E-16,4.44E-16,4.44E-16,4.44E-16,4.44E-16,4.44E-16,464,47,437,,,,,,,,,
ra,16,10000,ack,30,4.44E-16,4.44E-16,4.44E-16,4.44E-16,4.44E-16,4.44E-16,4.44E-16,4.44E-16,4.44E-16,4.44E-16,4.44E-16,463,48,437,,,,,,,,,
ra,16,10000,ack,30,4.44E-16,4.44E-16,4.44E-16,4.44E-16,4.44E-16,4.44E-16,4.44E-16,4.44E-16,4.44E-16,4.44E-16,4.44E-16,467,47,438,,,,,,,,,
ra,16,10000,ack,30,4.44E-16,4.44E-16,4.44E-16,4.44E-16,4.44E-16,4.44E-16,4.44E-16,4.44E-16,4.44E-16,4.44E-16,4.44E-16,435,44,436,,,,,,,,,
ra,16,10000,ack,30,4.44E-16,4.44E-16,4.44E-16,4.44E-16,4.44E-16,4.44E-16,4.44E-16,4.44E-16,4.44E-16,4.44E-16,4.44E-16,444,46,439,,,,,,,,,
ra,16,10000,ras,30,0,0,0,0,0,0,0,0,0,0,0,226,27,430,,,,,,,,,
ra,16,10000,ras,30,0,0,0,0,0,0,0,0,0,0,0,205,24,407,,,,,,,,,
ra,16,10000,ras,30,0,0,0,0,0,0,0,0,0,0,0,173,21,428,,,,,,,,,
ra,16,10000,ras,30,0,0,0,0,0,0,0,0,0,0,0,199,21,429,,,,,,,,,
ra,16,10000,ras,30,0,0,0,0,0,0,0,0,0,0,0,228,25,427,,,,,,,,,
ra,16,10000,ras,30,0,0,0,0,0,0,0,0,0,0,0,216,23,429,,,,,,,,,
ra,16,10000,ras,30,0,0,0,0,0,0,0,0,0,0,0,204,24,408,,,,,,,,,
ra,16,10000,ras,30,0,0,0,0,0,0,0,0,0,0,0,193,23,428,,,,,,,,,
ra,16,10000,ras,30,0,0,0,0,0,0,0,0,0,0,0,204,23,429,,,,,,,,,
ra,16,10000,ras,30,0,0,0,0,0,0,0,0,0,0,0,234,27,430,,,,,,,,,
ra,16,10000,ras,30,0,0,0,0,0,0,0,0,0,0,0,209,24,430,,,,,,,,,
ra,16,10000,ras,30,0,0,0,0,0,0,0,0,0,0,0,208,22,428,,,,,,,,,
ra,16,10000,ras,30,0,0,0,0,0,0,0,0,0,0,0,192,23,406,,,,,,,,,
ra,16,10000,ras,30,0,0,0,0,0,0,0,0,0,0,0,204,24,429,,,,,,,,,
ra,16,10000,ras,30,0,0,0,0,0,0,0,0,0,0,0,212,23,428,,,,,,,,,
ra,16,10000,ras,30,0,0,0,0,0,0,0,0,0,0,0,228,26,407,,,,,,,,,
ra,16,10000,ras,30,0,0,0,0,0,0,0,0,0,0,0,194,23,428,,,,,,,,,
ra,16,10000,ras,30,0,0,0,0,0,0,0,0,0,0,0,187,23,411,,,,,,,,,
ra,16,10000,ras,30,0,0,0,0,0,0,0,0,0,0,0,204,22,428,,,,,,,,,
ra,16,10000,ras,30,0,0,0,0,0,0,0,0,0,0,0,190,23,429,,,,,,,,,
ra,30,10000,rok,30,28.73125323,28.74259112,28.74087828,28.74087828,28.74087828,28.74087828,28.74087828,28.74087828,28.74087828,28.73572831,28.73125323,9814,527,541,,,,,,,,,
ra,30,10000,rok,30,28.10151245,28.42151138,28.11571755,28.11363953,28.10235166,28.10235166,28.10235166,28.10235166,28.10235166,28.10151245,28.10151245,8587,481,545,,,,,,,,,
ra,30,10000,rok,30,28.74213507,28.75858797,28.75056645,28.75056645,28.75004471,28.74778482,28.74702658,28.74268125,28.74268125,28.74213507,28.74213507,8357,470,542,,,,,,,,,
ra,30,10000,rok,30,28.09434445,28.75617504,28.112804,28.10944019,28.10944019,28.09570363,28.09434445,28.09434445,28.09434445,28.09434445,28.09434445,5897,327,540,,,,,,,,,
ra,30,10000,rok,30,28.10084884,28.15891643,28.10084884,28.10084884,28.10084884,28.10084884,28.10084884,28.10084884,28.10084884,28.10084884,28.10084884,1604,117,539,,,,,,,,,
ra,30,10000,rok,30,28.10088976,28.11616786,28.11446865,28.10089529,28.10089529,28.10089529,28.10089529,28.10088976,28.10088976,28.10088976,28.10088976,6249,357,542,,,,,,,,,
ra,30,10000,rok,30,28.10055847,28.11701308,28.10349626,28.10230895,28.10129081,28.10129081,28.10129081,28.10055847,28.10055847,28.10055847,28.10055847,6491,377,541,,,,,,,,,
ra,30,10000,rok,30,28.75129555,28.75353837,28.75207144,28.75129555,28.75129555,28.75129555,28.75129555,28.75129555,28.75129555,28.75129555,28.75129555,2302,149,540,,,,,,,,,
ra,30,10000,rok,30,28.10115865,28.10177713,28.10177713,28.10177713,28.10177713,28.10115865,28.10115865,28.10115865,28.10115865,28.10115865,28.10115865,4927,286,551,,,,,,,,,
ra,30,10000,rok,30,28.69779691,28.71392562,28.71392562,28.71392562,28.71392562,28.71392562,28.69779691,28.69779691,28.69779691,28.69779691,28.69779691,5903,328,543,,,,,,,,,
ra,30,10000,rok,30,28.72760273,28.73663324,28.73663324,28.73457517,28.73457517,28.73457517,28.7303571,28.7303571,28.7303571,28.72760273,28.72760273,8645,478,539,,,,,,,,,
ra,30,10000,rok,30,28.73309432,28.75224608,28.75196274,28.7442213,28.73685276,28.73384908,28.73384908,28.73384908,28.73384908,28.73309432,28.73309432,8985,497,544,,,,,,,,,
ra,30,10000,rok,30,28.10062361,28.11824737,28.10288576,28.10288576,28.10288576,28.10288576,28.10062361,28.10062361,28.10062361,28.10062361,28.10062361,5780,318,542,,,,,,,,,
ra,30,10000,rok,30,28.09652266,28.10308029,28.10302401,28.09652266,28.09652266,28.09652266,28.09652266,28.09652266,28.09652266,28.09652266,28.09652266,2753,168,551,,,,,,,,,
ra,30,10000,rok,30,28.10136128,28.15059802,28.12132672,28.11166176,28.10160651,28.10160651,28.10160651,28.10136128,28.10136128,28.10136128,28.10136128,6028,336,540,,,,,,,,,
ra,30,10000,rok,30,28.1008256,28.10543967,28.10353918,28.10221078,28.10221078,28.10221078,28.10172844,28.10099152,28.10099152,28.10099152,28.1008256,9037,502,547,,,,,,,,,
ra,30,10000,rok,30,28.74929305,28.7521617,28.75115942,28.75115942,28.75115942,28.75115942,28.75051296,28.75051296,28.75048104,28.74929305,28.74929305,8395,474,544,,,,,,,,,
ra,30,10000,rok,30,28.75162218,28.76128276,28.75942023,28.75942023,28.75928028,28.75916215,28.75916215,28.75413509,28.75292641,28.75212007,28.75162218,9981,535,542,,,,,,,,,
ra,30,10000,rok,30,28.72076142,28.73603732,28.73603732,28.7288094,28.7288094,28.72240891,28.72076142,28.72076142,28.72076142,28.72076142,28.72076142,5431,303,542,,,,,,,,,
ra,30,10000,rok,30,28.1004317,28.11343616,28.10735313,28.1004317,28.1004317,28.1004317,28.1004317,28.1004317,28.1004317,28.1004317,28.1004317,2392,155,545,,,,,,,,,
ra,30,10000,ack,30,4.44E-16,4.44E-16,4.44E-16,4.44E-16,4.44E-16,4.44E-16,4.44E-16,4.44E-16,4.44E-16,4.44E-16,4.44E-16,445,73,804,,,,,,,,,
ra,30,10000,ack,30,4.44E-16,4.44E-16,4.44E-16,4.44E-16,4.44E-16,4.44E-16,4.44E-16,4.44E-16,4.44E-16,4.44E-16,4.44E-16,435,72,736,,,,,,,,,
ra,30,10000,ack,30,4.44E-16,4.44E-16,4.44E-16,4.44E-16,4.44E-16,4.44E-16,4.44E-16,4.44E-16,4.44E-16,4.44E-16,4.44E-16,425,70,753,,,,,,,,,
ra,30,10000,ack,30,4.44E-16,4.44E-16,4.44E-16,4.44E-16,4.44E-16,4.44E-16,4.44E-16,4.44E-16,4.44E-16,4.44E-16,4.44E-16,439,72,734,,,,,,,,,
ra,30,10000,ack,30,4.44E-16,4.44E-16,4.44E-16,4.44E-16,4.44E-16,4.44E-16,4.44E-16,4.44E-16,4.44E-16,4.44E-16,4.44E-16,401,68,754,,,,,,,,,
ra,30,10000,ack,30,4.44E-16,4.44E-16,4.44E-16,4.44E-16,4.44E-16,4.44E-16,4.44E-16,4.44E-16,4.44E-16,4.44E-16,4.44E-16,443,73,755,,,,,,,,,
ra,30,10000,ack,30,4.44E-16,4.44E-16,4.44E-16,4.44E-16,4.44E-16,4.44E-16,4.44E-16,4.44E-16,4.44E-16,4.44E-16,4.44E-16,393,66,752,,,,,,,,,
ra,30,10000,ack,30,4.44E-16,4.44E-16,4.44E-16,4.44E-16,4.44E-16,4.44E-16,4.44E-16,4.44E-16,4.44E-16,4.44E-16,4.44E-16,353,61,754,,,,,,,,,
ra,30,10000,ack,30,4.44E-16,4.44E-16,4.44E-16,4.44E-16,4.44E-16,4.44E-16,4.44E-16,4.44E-16,4.44E-16,4.44E-16,4.44E-16,416,68,753,,,,,,,,,
ra,30,10000,ack,30,4.44E-16,4.44E-16,4.44E-16,4.44E-16,4.44E-16,4.44E-16,4.44E-16,4.44E-16,4.44E-16,4.44E-16,4.44E-16,415,69,755,,,,,,,,,
ra,30,10000,ack,30,4.44E-16,4.44E-16,4.44E-16,4.44E-16,4.44E-16,4.44E-16,4.44E-16,4.44E-16,4.44E-16,4.44E-16,4.44E-16,361,66,760,,,,,,,,,
ra,30,10000,ack,30,4.44E-16,4.44E-16,4.44E-16,4.44E-16,4.44E-16,4.44E-16,4.44E-16,4.44E-16,4.44E-16,4.44E-16,4.44E-16,454,73,755,,,,,,,,,
ra,30,10000,ack,30,4.44E-16,4.44E-16,4.44E-16,4.44E-16,4.44E-16,4.44E-16,4.44E-16,4.44E-16,4.44E-16,4.44E-16,4.44E-16,413,69,732,,,,,,,,,
ra,30,10000,ack,30,4.44E-16,4.44E-16,4.44E-16,4.44E-16,4.44E-16,4.44E-16,4.44E-16,4.44E-16,4.44E-16,4.44E-16,4.44E-16,430,71,802,,,,,,,,,
ra,30,10000,ack,30,4.44E-16,4.44E-16,4.44E-16,4.44E-16,4.44E-16,4.44E-16,4.44E-16,4.44E-16,4.44E-16,4.44E-16,4.44E-16,420,68,752,,,,,,,,,
ra,30,10000,ack,30,4.44E-16,4.44E-16,4.44E-16,4.44E-16,4.44E-16,4.44E-16,4.44E-16,4.44E-16,4.44E-16,4.44E-16,4.44E-16,436,70,754,,,,,,,,,
ra,30,10000,ack,30,4.44E-16,4.44E-16,4.44E-16,4.44E-16,4.44E-16,4.44E-16,4.44E-16,4.44E-16,4.44E-16,4.44E-16,4.44E-16,399,68,740,,,,,,,,,
ra,30,10000,ack,30,4.44E-16,4.44E-16,4.44E-16,4.44E-16,4.44E-16,4.44E-16,4.44E-16,4.44E-16,4.44E-16,4.44E-16,4.44E-16,455,72,733,,,,,,,,,
ra,30,10000,ack,30,4.44E-16,4.44E-16,4.44E-16,4.44E-16,4.44E-16,4.44E-16,4.44E-16,4.44E-16,4.44E-16,4.44E-16,4.44E-16,445,79,760,,,,,,,,,
ra,30,10000,ack,30,4.44E-16,4.44E-16,4.44E-16,4.44E-16,4.44E-16,4.44E-16,4.44E-16,4.44E-16,4.44E-16,4.44E-16,4.44E-16,440,73,758,,,,,,,,,
ra,30,10000,ras,30,0,0,0,0,0,0,0,0,0,0,0,205,43,738,,,,,,,,,
ra,30,10000,ras,30,0,0,0,0,0,0,0,0,0,0,0,213,42,745,,,,,,,,,
ra,30,10000,ras,30,0,0,0,0,0,0,0,0,0,0,0,194,37,735,,,,,,,,,
ra,30,10000,ras,30,0,0,0,0,0,0,0,0,0,0,0,203,41,736,,,,,,,,,
ra,30,10000,ras,30,0,0,0,0,0,0,0,0,0,0,0,205,41,746,,,,,,,,,
ra,30,10000,ras,30,0,0,0,0,0,0,0,0,0,0,0,185,40,719,,,,,,,,,
ra,30,10000,ras,30,0,0,0,0,0,0,0,0,0,0,0,219,41,739,,,,,,,,,
ra,30,10000,ras,30,0,0,0,0,0,0,0,0,0,0,0,207,42,745,,,,,,,,,
ra,30,10000,ras,30,0,0,0,0,0,0,0,0,0,0,0,203,41,738,,,,,,,,,
ra,30,10000,ras,30,0,0,0,0,0,0,0,0,0,0,0,211,48,721,,,,,,,,,
ra,30,10000,ras,30,0,0,0,0,0,0,0,0,0,0,0,211,40,737,,,,,,,,,
ra,30,10000,ras,30,0,0,0,0,0,0,0,0,0,0,0,216,43,742,,,,,,,,,
ra,30,10000,ras,30,0,0,0,0,0,0,0,0,0,0,0,189,37,720,,,,,,,,,
ra,30,10000,ras,30,0,0,0,0,0,0,0,0,0,0,0,194,36,719,,,,,,,,,
ra,30,10000,ras,30,0,0,0,0,0,0,0,0,0,0,0,210,41,712,,,,,,,,,
ra,30,10000,ras,30,0,0,0,0,0,0,0,0,0,0,0,181,36,738,,,,,,,,,
ra,30,10000,ras,30,0,0,0,0,0,0,0,0,0,0,0,202,43,739,,,,,,,,,
ra,30,10000,ras,30,0,0,0,0,0,0,0,0,0,0,0,206,42,736,,,,,,,,,
ra,30,10000,ras,30,0,0,0,0,0,0,0,0,0,0,0,207,42,739,,,,,,,,,
ra,30,10000,ras,30,0,0,0,0,0,0,0,0,0,0,0,220,44,719,,,,,,,,,
ra,49,10000,rok,30,28.09895802,28.10349736,28.10196206,28.09943824,28.09943824,28.09943824,28.09943824,28.09943824,28.09943824,28.09895802,28.09895802,8803,833,920,,,,,,,,,
ra,49,10000,rok,30,28.10048755,28.10323132,28.10050301,28.10050301,28.10050301,28.10050301,28.10048755,28.10048755,28.10048755,28.10048755,28.10048755,5535,519,831,,,,,,,,,
ra,49,10000,rok,30,28.73270934,28.74632469,28.74167547,28.73861148,28.73628336,28.73453295,28.73272584,28.73272584,28.73270934,28.73270934,28.73270934,7085,619,917,,,,,,,,,
ra,49,10000,rok,30,28.73496559,28.74458013,28.74458013,28.74017019,28.73841954,28.73841954,28.73841954,28.73841954,28.73496559,28.73496559,28.73496559,7920,738,922,,,,,,,,,
ra,49,10000,rok,30,28.10099571,28.10233127,28.10233127,28.10233127,28.10233127,28.10233127,28.10233127,28.10233127,28.10233127,28.10099571,28.10099571,8771,738,828,,,,,,,,,
ra,49,10000,rok,30,28.74172226,28.75053519,28.74813542,28.74642976,28.74293709,28.74293709,28.74293709,28.74293709,28.74172226,28.74172226,28.74172226,7848,671,825,,,,,,,,,
ra,49,10000,rok,30,28.09523048,28.1015387,28.1015387,28.09777037,28.09777037,28.09777037,28.09585687,28.09585687,28.09585687,28.09523048,28.09523048,8432,808,923,,,,,,,,,
ra,49,10000,rok,30,28.73136558,28.74677175,28.74677175,28.74089735,28.74089735,28.7368412,28.73661848,28.73661848,28.73388445,28.73388445,28.73136558,9252,776,833,,,,,,,,,
ra,49,10000,rok,30,28.09766125,28.11593133,28.11593133,28.10766662,28.09766125,28.09766125,28.09766125,28.09766125,28.09766125,28.09766125,28.09766125,3695,350,827,,,,,,,,,
ra,49,10000,rok,30,28.08807876,28.08807876,28.08807876,28.08807876,28.08807876,28.08807876,28.08807876,28.08807876,28.08807876,28.08807876,28.08807876,412,79,823,,,,,,,,,
ra,49,10000,rok,30,28.10038975,28.10272122,28.10133506,28.10133506,28.10038975,28.10038975,28.10038975,28.10038975,28.10038975,28.10038975,28.10038975,3881,380,926,,,,,,,,,
ra,49,10000,rok,30,28.09631891,28.15771504,28.09636327,28.09636327,28.09636327,28.09636327,28.09636327,28.09631891,28.09631891,28.09631891,28.09631891,6514,585,830,,,,,,,,,
ra,49,10000,rok,30,28.10040776,28.10255106,28.10168191,28.10168191,28.10168191,28.10168191,28.10168191,28.10040776,28.10040776,28.10040776,28.10040776,6380,570,825,,,,,,,,,
ra,49,10000,rok,30,28.10116455,28.10685466,28.10685466,28.10229562,28.10229562,28.10204321,28.1016152,28.1016152,28.10116455,28.10116455,28.10116455,7842,671,826,,,,,,,,,
ra,49,10000,rok,30,28.10052188,28.10678253,28.10134692,28.1012396,28.1012396,28.1012396,28.1012396,28.10052188,28.10052188,28.10052188,28.10052188,6845,605,828,,,,,,,,,
ra,49,10000,rok,30,28.72310261,28.72658931,28.72360311,28.72310261,28.72310261,28.72310261,28.72310261,28.72310261,28.72310261,28.72310261,28.72310261,2296,239,824,,,,,,,,,
ra,49,10000,rok,30,28.1003589,28.10939684,28.10215112,28.10215112,28.1021379,28.1003589,28.1003589,28.1003589,28.1003589,28.1003589,28.1003589,4413,439,827,,,,,,,,,
ra,49,10000,rok,30,28.1013971,28.10992553,28.10154577,28.10154577,28.1013971,28.1013971,28.1013971,28.1013971,28.1013971,28.1013971,28.1013971,3035,297,830,,,,,,,,,
ra,49,10000,rok,30,28.10041023,28.72908361,28.72908361,28.72645836,28.72645836,28.72645836,28.72645836,28.10471262,28.10471262,28.10041023,28.10041023,8674,728,826,,,,,,,,,
ra,49,10000,rok,30,28.09454747,28.09804469,28.09804469,28.09528824,28.09454747,28.09454747,28.09454747,28.09454747,28.09454747,28.09454747,28.09454747,3149,306,836,,,,,,,,,
ra,49,10000,ack,30,4.44E-16,4.44E-16,4.44E-16,4.44E-16,4.44E-16,4.44E-16,4.44E-16,4.44E-16,4.44E-16,4.44E-16,4.44E-16,415,98,1208,,,,,,,,,
ra,49,10000,ack,30,4.44E-16,4.44E-16,4.44E-16,4.44E-16,4.44E-16,4.44E-16,4.44E-16,4.44E-16,4.44E-16,4.44E-16,4.44E-16,419,98,1207,,,,,,,,,
ra,49,10000,ack,30,4.44E-16,4.44E-16,4.44E-16,4.44E-16,4.44E-16,4.44E-16,4.44E-16,4.44E-16,4.44E-16,4.44E-16,4.44E-16,423,99,1208,,,,,,,,,
ra,49,10000,ack,30,4.44E-16,4.44E-16,4.44E-16,4.44E-16,4.44E-16,4.44E-16,4.44E-16,4.44E-16,4.44E-16,4.44E-16,4.44E-16,359,95,1212,,,,,,,,,
ra,49,10000,ack,30,4.44E-16,4.44E-16,4.44E-16,4.44E-16,4.44E-16,4.44E-16,4.44E-16,4.44E-16,4.44E-16,4.44E-16,4.44E-16,425,98,1209,,,,,,,,,
ra,49,10000,ack,30,4.44E-16,4.44E-16,4.44E-16,4.44E-16,4.44E-16,4.44E-16,4.44E-16,4.44E-16,4.44E-16,4.44E-16,4.44E-16,427,99,1251,,,,,,,,,
ra,49,10000,ack,30,4.44E-16,4.44E-16,4.44E-16,4.44E-16,4.44E-16,4.44E-16,4.44E-16,4.44E-16,4.44E-16,4.44E-16,4.44E-16,461,103,1200,,,,,,,,,
ra,49,10000,ack,30,4.44E-16,4.44E-16,4.44E-16,4.44E-16,4.44E-16,4.44E-16,4.44E-16,4.44E-16,4.44E-16,4.44E-16,4.44E-16,432,100,1211,,,,,,,,,
ra,49,10000,ack,30,4.44E-16,4.44E-16,4.44E-16,4.44E-16,4.44E-16,4.44E-16,4.44E-16,4.44E-16,4.44E-16,4.44E-16,4.44E-16,420,99,1256,,,,,,,,,
ra,49,10000,ack,30,4.44E-16,4.44E-16,4.44E-16,4.44E-16,4.44E-16,4.44E-16,4.44E-16,4.44E-16,4.44E-16,4.44E-16,4.44E-16,407,98,1211,,,,,,,,,
ra,49,10000,ack,30,4.44E-16,4.44E-16,4.44E-16,4.44E-16,4.44E-16,4.44E-16,4.44E-16,4.44E-16,4.44E-16,4.44E-16,4.44E-16,414,97,1248,,,,,,,,,
ra,49,10000,ack,30,4.44E-16,4.44E-16,4.44E-16,4.44E-16,4.44E-16,4.44E-16,4.44E-16,4.44E-16,4.44E-16,4.44E-16,4.44E-16,400,95,1252,,,,,,,,,
ra,49,10000,ack,30,4.44E-16,4.44E-16,4.44E-16,4.44E-16,4.44E-16,4.44E-16,4.44E-16,4.44E-16,4.44E-16,4.44E-16,4.44E-16,412,98,1219,,,,,,,,,
ra,49,10000,ack,30,4.44E-16,4.44E-16,4.44E-16,4.44E-16,4.44E-16,4.44E-16,4.44E-16,4.44E-16,4.44E-16,4.44E-16,4.44E-16,389,94,1214,,,,,,,,,
ra,49,10000,ack,30,4.44E-16,4.44E-16,4.44E-16,4.44E-16,4.44E-16,4.44E-16,4.44E-16,4.44E-16,4.44E-16,4.44E-16,4.44E-16,443,101,1252,,,,,,,,,
ra,49,10000,ack,30,4.44E-16,4.44E-16,4.44E-16,4.44E-16,4.44E-16,4.44E-16,4.44E-16,4.44E-16,4.44E-16,4.44E-16,4.44E-16,413,101,1209,,,,,,,,,
ra,49,10000,ack,30,4.44E-16,4.44E-16,4.44E-16,4.44E-16,4.44E-16,4.44E-16,4.44E-16,4.44E-16,4.44E-16,4.44E-16,4.44E-16,424,99,1203,,,,,,,,,
ra,49,10000,ack,30,4.44E-16,4.44E-16,4.44E-16,4.44E-16,4.44E-16,4.44E-16,4.44E-16,4.44E-16,4.44E-16,4.44E-16,4.44E-16,428,100,1198,,,,,,,,,
ra,49,10000,ack,30,4.44E-16,4.44E-16,4.44E-16,4.44E-16,4.44E-16,4.44E-16,4.44E-16,4.44E-16,4.44E-16,4.44E-16,4.44E-16,404,96,1200,,,,,,,,,
ra,49,10000,ack,30,4.44E-16,4.44E-16,4.44E-16,4.44E-16,4.44E-16,4.44E-16,4.44E-16,4.44E-16,4.44E-16,4.44E-16,4.44E-16,420,99,1248,,,,,,,,,
ra,49,10000,ras,30,0,0,0,0,0,0,0,0,0,0,0,177,55,1228,,,,,,,,,
ra,49,10000,ras,30,0,0,0,0,0,0,0,0,0,0,0,211,64,1186,,,,,,,,,
ra,49,10000,ras,30,0,0,0,0,0,0,0,0,0,0,0,212,62,1188,,,,,,,,,
ra,49,10000,ras,30,0,0,0,0,0,0,0,0,0,0,0,206,60,1193,,,,,,,,,
ra,49,10000,ras,30,0,0,0,0,0,0,0,0,0,0,0,197,56,1180,,,,,,,,,
ra,49,10000,ras,30,0,0,0,0,0,0,0,0,0,0,0,182,54,1186,,,,,,,,,
ra,49,10000,ras,30,0,0,0,0,0,0,0,0,0,0,0,200,58,1180,,,,,,,,,
ra,49,10000,ras,30,0,0,0,0,0,0,0,0,0,0,0,190,59,1189,,,,,,,,,
ra,49,10000,ras,30,0,0,0,0,0,0,0,0,0,0,0,188,57,1183,,,,,,,,,
ra,49,10000,ras,30,0,0,0,0,0,0,0,0,0,0,0,211,61,1184,,,,,,,,,
ra,49,10000,ras,30,0,0,0,0,0,0,0,0,0,0,0,208,60,1180,,,,,,,,,
ra,49,10000,ras,30,0,0,0,0,0,0,0,0,0,0,0,194,59,1185,,,,,,,,,
ra,49,10000,ras,30,0,0,0,0,0,0,0,0,0,0,0,210,62,1168,,,,,,,,,
ra,49,10000,ras,30,0,0,0,0,0,0,0,0,0,0,0,207,61,1182,,,,,,,,,
ra,49,10000,ras,30,0,0,0,0,0,0,0,0,0,0,0,206,60,1230,,,,,,,,,
ra,49,10000,ras,30,0,0,0,0,0,0,0,0,0,0,0,178,57,1187,,,,,,,,,
ra,49,10000,ras,30,0,0,0,0,0,0,0,0,0,0,0,209,60,1180,,,,,,,,,
ra,49,10000,ras,30,0,0,0,0,0,0,0,0,0,0,0,184,55,1232,,,,,,,,,
ra,49,10000,ras,30,0,0,0,0,0,0,0,0,0,0,0,202,60,1200,,,,,,,,,
ra,49,10000,ras,30,0,0,0,0,0,0,0,0,0,0,0,195,60,1222,,,,,,,,,